{
  "id": "OPT.JAVA.SPRING.AvoidHardcodingNull",
  "name": "Avoid Hardcoding Null",
  "severity": "HIGH",
  "category": "Other",
  "language": [
    "JAVA"
  ],
  "cwe": [],
  "description": "OPT.JAVA.SPRING.AvoidHardcodingNull",
  "risk": "{{#paragraph}}Spring properties and constructor arguments can have a value, a reference to another bean,\nor even the null value it's going to be set by default, at least it is expected.\n\nHowever, the property or constructor argument can be incorrectly setted to any other unexpected value, leading to an\napplication malfunction.\n\nThus these properties or constructor arguments not having an specific value should be initialized, but hardcoding the\n\"null\" value isn't correct because it would be interpreted as a String containing the \"null\" value, thus the <null />\nelement should be used instead.\n\nThis rule reports the properties or constructor arguments initialized with \"null\" value instead of <null />.\n{{/paragraph}}\n",
  "issue": null,
  "advice": null,
  "vendor": "kiuwan"
}