{
  "id": "OPT.CSHARP.DisposeMethodsShouldCallSuppressFinalize",
  "name": "Dispose Methods Should Call Suppress Finalize",
  "severity": "MEDIUM",
  "category": "Other",
  "language": [
    "DOTNET"
  ],
  "cwe": [],
  "description": "OPT.CSHARP.DisposeMethodsShouldCallSuppressFinalize",
  "risk": "{{#paragraph}}\nDispose method frees the resources of the object, so finalization is unnecessary.\n\nNote: OPT.CSHARP.DisposeMethodsShouldCallSuppressFinalize rule checks other cases besides this one.\n{{/paragraph}}\n",
  "issue": null,
  "advice": null,
  "vendor": "kiuwan"
}