{
  "id": "OPT.PYTHON.PORTABILITY.PropertyOnAnOldStyleClass",
  "name": "Property On An Old Style Class",
  "severity": "MEDIUM",
  "category": "Other",
  "language": [
    "PYTHON"
  ],
  "cwe": [],
  "description": "OPT.PYTHON.PORTABILITY.PropertyOnAnOldStyleClass",
  "risk": "{{#paragraph}}Using @property decorator doesn't have any effect when property getters, setters and deleters are invoked because\nold-style classes don't have implemented that functionality. The biggest problem is that Python 2 doesn't emit any error or warning and the problem would go\nunnoticed to developer, thus getting a undesirable behavior. On Python 3 all classes are new-style.\n{{/paragraph}}\n",
  "issue": null,
  "advice": null,
  "vendor": "kiuwan"
}