{
  "id": "OPT.CSHARP.Csharp.ConsiderPassingBaseTypesAsParameters",
  "name": "Consider Passing Base Types As Parameters",
  "severity": "MEDIUM",
  "category": "Other",
  "language": [
    "DOTNET"
  ],
  "cwe": [],
  "description": "OPT.CSHARP.Csharp.ConsiderPassingBaseTypesAsParameters",
  "risk": "{{#paragraph}}A method declaration includes a formal parameter that is a derived type.\n\nWhen a base type is specified as a parameter in a method declaration, any type that is derived from the base type can be passed as the corresponding argument to the method. When the argument is used inside the method body, the specific method that is executed depends on the type of the argument. If the additional functionality that is provided by the derived type is not required, use of the base type allows wider use of the method.\n\nWith the rule parameter you can specify a list of derived types which use should be replace by its base type.\n{{/paragraph}}\n",
  "issue": null,
  "advice": null,
  "vendor": "kiuwan"
}