{
  "id": "OPT.JAVA.SEC_JAVA.AvoidEJBSetSecurityManager",
  "name": "Avoid EJB Set Security Manager",
  "severity": "MEDIUM",
  "category": "Permissions, privileges and access controls",
  "language": [
    "JAVA"
  ],
  "cwe": [
    "https://cwe.mitre.org/data/definitions/578.html"
  ],
  "description": "OPT.JAVA.SEC_JAVA.AvoidEJBSetSecurityManager",
  "risk": "{{#paragraph}}An enterprise bean should avoid bad practices discouraged by the J2EE blueprints, that\ncould introduce weaknesses compromising security.\n\nThis rule checks that system's SecurityManager is not set.\n{{/paragraph}}\n",
  "issue": null,
  "advice": null,
  "vendor": "kiuwan"
}