{
  "id": "OPT.COBOL.FIA_COBOL.WOEV",
  "name": "Use WHEN OTHER in EVALUATE",
  "severity": "HIGH",
  "category": "Other",
  "language": [
    "COBOL"
  ],
  "cwe": [],
  "description": "OPT.COBOL.FIA_COBOL.WOEV",
  "risk": "{{#paragraph}}Always use WHEN OTHER clause when coding EVALUATE statements.\nIf no 'default' case (WHEN OTHER) is provided, not all possibilities may be checked for, and that could produce logical errors.\n{{/paragraph}}\n",
  "issue": null,
  "advice": null,
  "vendor": "kiuwan"
}