{
  "id": "OPT.CSHARP.CriticalTypesMustNotParticipateInTypeEquivalence",
  "name": "Critical Types Must Not Participate In Type Equivalence",
  "severity": "MEDIUM",
  "category": "Error handling and fault isolation",
  "language": [
    "DOTNET"
  ],
  "cwe": [],
  "description": "OPT.CSHARP.CriticalTypesMustNotParticipateInTypeEquivalence",
  "risk": "{{#paragraph}}Critical types or critical members that are participating in type equivalence, produce an exception TypeLoadException at runtime.\n{{/paragraph}}\n",
  "issue": null,
  "advice": null,
  "vendor": "kiuwan"
}