{
  "id": "OPT.JAVA.SEC_JAVA.CommandInjectionRule",
  "name": "Command Injection Rule",
  "severity": "CRITICAL",
  "category": "Injection",
  "language": [
    "JAVA"
  ],
  "cwe": [
    "http://cwe.mitre.org/data/definitions/78.html"
  ],
  "description": "OPT.JAVA.SEC_JAVA.CommandInjectionRule",
  "risk": "{{#paragraph}}\nThe software constructs all or part of an operating system command using externally-controlled input, but it does not neutralize\nproperly that input that could modify the intended command when it is sent to a method that executes the command\n(e.g. java.lang.Runtime.exec()).\n\nThe rule detects a path in code between an user-input statement (source) and a command execution call (sink),\nwith command depending on non neutralized input. This allows for an attacker to change the intended command to execute\nor to add a malicious extra command, executed with the application rights.\n\nA neutralization function either validates inputs and report an (neutral) error without allowing command execution,\nor replaces sensitive shell characters in the input to avoid that the resulting command has different semantics.\nIf possible, use \"accept known good\" input validation strategy (whitelist).\n\nIt is recommended either: to use API calls instead of external commands, when possible; or to ensure that the application (e.g.\ndeployed in a J2EE container) runs under a non-privileged account with rights for the intended commands.\n{{/paragraph}}\n",
  "issue": null,
  "advice": null,
  "vendor": "kiuwan"
}