{
  "id": "OPT.COBOL.RG_COBOL.APIC",
  "name": "\"Use parenthesis in PIC clauses instead of repeated XX, AA or 99\"",
  "severity": "NOTE",
  "category": "Other",
  "language": [
    "COBOL"
  ],
  "cwe": [],
  "description": "OPT.COBOL.RG_COBOL.APIC",
  "risk": "{{#paragraph}}PIC format clauses should avoid repeated characters. Use parentheses instead.\nThe 'repeatedChars' property will use the maximum number of consecutive X, A or 9 characters allowed (2 by default)\n{{/paragraph}}\n",
  "issue": null,
  "advice": null,
  "vendor": "kiuwan"
}