{
  "id": "OPT.ASPNET.ClickjackingProtection",
  "name": "Clickjacking Protection",
  "severity": "HIGH",
  "category": "Misconfiguration",
  "language": [
    "ASPNET"
  ],
  "cwe": [
    "https://cwe.mitre.org/data/definitions/16.html",
    "https://cwe.mitre.org/data/definitions/693.html"
  ],
  "description": "OPT.ASPNET.ClickjackingProtection",
  "risk": "{{#paragraph}}\nClickjacking, also known as a \"UI redress attack\", is when an attacker uses multiple transparent or opaque layers to trick a user\ninto clicking on a button or link on another page when they were intending to click on the the top level page.\nThus, the attacker is \"hijacking\" clicks meant for their page and routing them to another page, most likely owned by\nanother application, domain, or both.\n\nUsing a similar technique, keystrokes can also be hijacked. With a carefully crafted combination of stylesheets,\niframes, and text boxes, a user can be led to believe they are typing in the password to their email or bank account,\nbut are instead typing into an invisible frame controlled by the attacker.\n\nThe rule will emit a violation for each application-level Web.Config <httpProtocol> element not containing anti-clickjacking\nconfiguration: X-Frame-Options and Content-Security-Policy headers, in this case.\n{{/paragraph}}\n",
  "issue": null,
  "advice": null,
  "vendor": "kiuwan"
}