{
  "id": "OPT.JAVA.CONV.CollectionTypeVerification",
  "name": "Collection Type Verification",
  "severity": "MEDIUM",
  "category": "Other",
  "language": [
    "JAVA"
  ],
  "cwe": [],
  "description": "OPT.JAVA.CONV.CollectionTypeVerification",
  "risk": "{{#paragraph}}When an object is converted to an abstract collection object, be sure that the conversion does not provoke errors.\nIf the type of the conversion and the object are not the same then an exception will be thrown.\n{{/paragraph}}\n",
  "issue": null,
  "advice": null,
  "vendor": "kiuwan"
}