{
  "id": "OPT.SCALA.SECURITY.CodeInjection",
  "name": "Code Injection",
  "severity": "CRITICAL",
  "category": "Injection",
  "language": [
    "SCALA"
  ],
  "cwe": [
    "http://cwe.mitre.org/data/definitions/94.html",
    "http://cwe.mitre.org/data/definitions/95.html"
  ],
  "description": "OPT.SCALA.SECURITY.CodeInjection",
  "risk": "{{#paragraph}}\nScripting engines in allow execution of source code written in different languages.\n\nWhen the application uses a scripting engine to execute source code that could be altered by an external, untrusted input,\na potential attacker may force the execution of unintended code (local or even remote code injection). Some scripting\nengines allow execution of system commands or call Java, which makes this flaw more dangerous, even allowing arbitrary\nsystem command execution.\n\nCode and data in compiled languages are quite different, but under scripting languages this boundary is much more fuzzy.\nExternal untrusted input should be passed to the script in the form of \"parameters\" or \"binding variables\" so any\nsource code injected by a potential attacker will NOT be considered source code by the scripting engine.\n\nThis rule supports the standard scripting API (javax.script) and other frameworks like JEXL, Groovy, Mozilla Rhino,\nor Jython.\n{{/paragraph}}\n",
  "issue": null,
  "advice": null,
  "vendor": "kiuwan"
}