{
  "id": "OPT.CSHARP.SecuredTypesShouldNotExposeFields",
  "name": "Secured Types Should Not Expose Fields",
  "severity": "MEDIUM",
  "category": "Information leaks",
  "language": [
    "DOTNET"
  ],
  "cwe": [],
  "description": "OPT.CSHARP.SecuredTypesShouldNotExposeFields",
  "risk": "{{#paragraph}}\nA public or protected type contains public fields and is secured by a Link Demands.\n\nIf code has access to an instance of a type that is secured by a link demand, the code does not have to satisfy\nthe link demand to access the object fields.\n{{/paragraph}}\n",
  "issue": null,
  "advice": null,
  "vendor": "kiuwan"
}