{
  "id": "OPT.COBOL.RG_COBOL.NNIV",
  "name": "\"In DATA DIVISION, all data entry levels should be 01 or multiple of 5\"",
  "severity": "NOTE",
  "category": "Other",
  "language": [
    "COBOL"
  ],
  "cwe": [],
  "description": "OPT.COBOL.RG_COBOL.NNIV",
  "risk": "{{#paragraph}}Data entry levels must start at 01 and follow with multiples of 5 (01, 05, 10, 15 ...).\nThis leaves space for changes in intermediate levels.\n{{/paragraph}}\n",
  "issue": null,
  "advice": null,
  "vendor": "kiuwan"
}