{
  "id": "OPT.COBOL.OYR_COBOL.CDIN",
  "name": "Always CALL subprograms passing parameters BY REFERENCE",
  "severity": "NOTE",
  "category": "Other",
  "language": [
    "COBOL"
  ],
  "cwe": [],
  "description": "OPT.COBOL.OYR_COBOL.CDIN",
  "risk": "{{#paragraph}}The rule checks that all CALL subprograms with parameters are passing them BY REFERENCE.\nNOTE: Not all calls may be done using BY REFERENCE, use this rule if this is not the case.\n{{/paragraph}}\n",
  "issue": null,
  "advice": null,
  "vendor": "kiuwan"
}