{
  "id": "OPT.COBOL.ReadFollowedByAtEndOrInvalidKey",
  "name": "Read Followed By At End Or Invalid Key",
  "severity": "HIGH",
  "category": "Other",
  "language": [
    "COBOL"
  ],
  "cwe": [],
  "description": "OPT.COBOL.ReadFollowedByAtEndOrInvalidKey",
  "risk": "{{#paragraph}}\nThe READ statement must always contain either an AT END or INVALID KEY clause.\n\nA proper file read whould be: READ filename ... AT END ... END-READ (for sequential retrieval),\nor READ filename ... INVALID KEY ... END-READ (for random retrieval).\n{{/paragraph}}\n",
  "issue": null,
  "advice": null,
  "vendor": "kiuwan"
}