{
  "id": "OPT.JAVA.COMPDAT.AvoidCallSwingFromServlet",
  "name": "Avoid Call Swing From Servlet",
  "severity": "CRITICAL",
  "category": "Other",
  "language": [
    "JAVA"
  ],
  "cwe": [],
  "description": "OPT.JAVA.COMPDAT.AvoidCallSwingFromServlet",
  "risk": "{{#paragraph}}Since servlets run on a server, they do not use Windows utilities such as Swing. As Swing was developed for use in a desktop environment, there are parts of it that are not thread safe and can introduce conditions of competition for an J2EE application data.\n{{/paragraph}}\n",
  "issue": null,
  "advice": null,
  "vendor": "kiuwan"
}