{
  "id": "OPT.VBNET.VBnet.SpecifyMessageBoxOptions",
  "name": "Specify Message Box Options",
  "severity": "MEDIUM",
  "category": "Other",
  "language": [
    "VBNET"
  ],
  "cwe": [],
  "description": "OPT.VBNET.VBnet.SpecifyMessageBoxOptions",
  "risk": "{{#paragraph}}A method calls an overload of the MessageBox.Show method that does not take a System.Windows.Forms.MessageBoxOptions argument.\n\nTo display a message box correctly for cultures that use a right-to-left reading order, the RightAlign and RtlReading members of the MessageBoxOptions enumeration must be passed to the Show method. Examine the Control.RightToLeft property of the containing control to determine whether to use a right-to-left reading order.\n{{/paragraph}}\n",
  "issue": null,
  "advice": null,
  "vendor": "kiuwan"
}