{
  "id": "OPT.CSHARP.CodeInjectionWithDeserialization",
  "name": "Code Injection With Deserialization",
  "severity": "CRITICAL",
  "category": "Injection",
  "language": [
    "DOTNET"
  ],
  "cwe": [
    "http://cwe.mitre.org/data/definitions/502.html"
  ],
  "description": "OPT.CSHARP.CodeInjectionWithDeserialization",
  "risk": "{{#paragraph}}\nWhen a serialization library deserializes untrusted content from a certain exchange format (binary, XML, JSON...) to recover\nthe original object graph, attackers may provide attack payloads that may result in unexpected code execution\nor a denial-of-service condition.\n\n(De)serialization of object graphs is a complex issue, due to the object-oriented nature of such graphs:\nGenerics, interface fields, polymorphism... Default constructors need to be invoked, fields and properties\nshould be set reflectively, and special constructors, type converters, or serialization callbacks need to be invoked.\n\nBy controlling the deserialized field values, attackers may abuse the logic of these methods to run arbitrary code.\nThe deserialization library may be abused, so attackers may control the type of reconstructed objects, the library\nor the GC might call methods on reconstructed objects. Many libreries perform a simple type control, often\ninvolving cast *after* deserialization.\n\nIn general, deserialization vulnerabilities generally require three ingredients:\n- Potential attackers can modify the stream to be deserialized.\n- Type information is parsed from the stream.\n- The set of types that can be generated is not tightly constrained.\n\nNote: In addition, the stream often needs to be parsed (from XML or other stream format), and the parser itself may be vulnerable\nto other attacks, like exfiltrations / scans via XML External Entity, or denial-of-service attacks via XML Entity Expansion.\nThe rule OPT.CSHARP.SEC.XMLEntityInjection looks for vulnerable XML parser configurations.\n\nWhich libraries should I use, and how?\nIn short, some libraries (FastJSON, Sweet.Jayson, FSPickler) should NEVER be used with untrusted sources.\nOthers might be configured incorrectly to open deserialization flaws, typically when a too-much permissive type resolver is used:\nJson.Net, JavaScriptSerializer, DataContractJsonSerializer...\n\nIf the attacker cannot control the content to be deserialized, typically there is no problem per-se with these libraries.\nAnd even when the attacker can control such content, the types to be deserialized may be fixed by the application, or limited to\na white-list of allowed types, and that makes deserialization safe, at least for most libraries. For example, XmlSerializer\nor DateContractSerializer are safe when the type is fixed to a safe type (unless the applicacion shoots itself in the foot).\nJSON.Net is also typically safe when TypeNameHandling is set to None (but vulnerable otherwise, be careful).\n\nPlease note that for most libraries using binary formats, including .Net's BinaryFormatter, are fairly difficult\nto configure for safe type control against attack payloads in user-controlled content.\n\nNote: 2016 was known as the \"Year of Java Deserialization apocalypse\". That situation motivated the security industry\nto avoid Java native serialization, and move to a (secure) JSON/XML-based serialization, properly configured.\nA similar generic recommendation should be followed under .Net.\n{{/paragraph}}\n",
  "issue": null,
  "advice": null,
  "vendor": "kiuwan"
}