{
  "id": "OPT.GO.SECURITY.XsltInjection",
  "name": "Xslt Injection",
  "severity": "HIGH",
  "category": "Injection",
  "language": [
    "GO"
  ],
  "cwe": [],
  "description": "OPT.GO.SECURITY.XsltInjection",
  "risk": "{{#paragraph}}If the software allows untrusted inputs to control part or all of an XSLT stylesheet,\nan attacker may change the structure and content of resulting XML.\n\nIf the resulting XML ends in a browser, the attacker may choose contents to launch cross-site scripting\nattacks, or execute operations at server with victim's identity allowed by the browser's same-origin policy\n(a variant of the cross-site request forgery attack).\n\nThe attacker may also use this flaw to launch attacks targeted at the server, like fetching content\nfrom arbitrary files, running arbitrary Go code, or executing OS commands, when certain XSLT functions\nare not disabled.\n{{/paragraph}}\n",
  "issue": null,
  "advice": null,
  "vendor": "kiuwan"
}