{
  "id": "OPT.GO.SECURITY.HardcodedCryptoKey",
  "name": "Hardcoded Crypto Key",
  "severity": "CRITICAL",
  "category": "Encryption and randomness",
  "language": [
    "GO"
  ],
  "cwe": [
    "https://cwe.mitre.org/data/definitions/321.html"
  ],
  "description": "OPT.GO.SECURITY.HardcodedCryptoKey",
  "risk": "{{#paragraph}}\nNever hard-code cryptographic keys (or passwords used to generate them) in your program.\n\nCrypto keys are used for encryption/decryption, for generation of message authentication codes (MAC), during generation\nof password-based encryption keys (the password is the \"crypto key\" that generates key material for the cipher), and other usages.\nSource code is the worst place for key storage, as any change in keys needs recompilation, and it is easy to reverse-engineer\nan application binary to learn any keys or secrets that may be embedded in it.\n\nSome data used in cryptographic operations (like initial vector for block ciphers, salt for password hashes, etc.)\nare not \"private\", and it is recommended to generate a good random instance at the origin, and add it to the message\nin plaintext, so the destination may use it. The security depends on properly protecting the \"secret\" thing\n(private key in a public/private keypair, encryption key in a symmetric cipher, key in an HMAC, etc.).\n\nLong-term cryptographic keys (in contrast with ephemeral ones), are better stored in a safe key storage.\nPrivate keys in a public/private keypair should NEVER be unprotected (in raw form) and they should be stored in an even\nsafer key storage (the impact for a compromise of a private key is typically huge and brutal).\n{{/paragraph}}\n",
  "issue": null,
  "advice": null,
  "vendor": "kiuwan"
}