{
  "id": "OPT.SCALA.SECURITY.AvoidHostNameChecks",
  "name": "Avoid Host Name Checks",
  "severity": "MEDIUM",
  "category": "Injection",
  "language": [
    "SCALA"
  ],
  "cwe": [
    "https://cwe.mitre.org/data/definitions/350.html"
  ],
  "description": "OPT.SCALA.SECURITY.AvoidHostNameChecks",
  "risk": "{{#paragraph}}Many DNS servers are susceptible to DNS poisoning attacks, so you should assume that your\nsoftware will someday run in an environment with a compromised DNS server. If attackers are allowed to make DNS updates\n(sometimes called DNS cache poisoning), they can route your network traffic through their machines or make it appear\nas if their IP addresses are part of your domain. Do not base the security of your system on DNS names.\n\nThe rule detects the following code signature:\n  val ip : String = request.getRemoteAddr()\n  val inet : InetAddress = InetAddress.getByName(ip)\n  if(isTrustedClient(inet.getHostName())) {\n    ... sensitive operation ...\n  }\n\nNote: If client hostname check is the unique possibility, perform proper forward and reverse DNS lookups to detect DNS spoofing.\n{{/paragraph}}\n",
  "issue": null,
  "advice": null,
  "vendor": "kiuwan"
}