{
  "id": "OPT.JAVA.CMETRICS.NOF",
  "name": "Maximum allowed number of fields",
  "severity": "HIGH",
  "category": "Other",
  "language": [
    "JAVA"
  ],
  "cwe": [],
  "description": "OPT.JAVA.CMETRICS.NOF",
  "risk": "{{#paragraph}}The number of fields in a class indicate the amount of data that the class must mantain to afford its responsabilities.\nDo not create a big number of fields because it indicates a bad functionality for that class.\nThe rule is parameterizable: [maxNumeroCampos] max number of fields per class, by default it will be 50.\n{{/paragraph}}\n",
  "issue": null,
  "advice": null,
  "vendor": "kiuwan"
}