{
  "id": "OPT.CSHARP.Csharp.CheckNewExceptionWithoutThrowing",
  "name": "Check New Exception Without Throwing",
  "severity": "LOW",
  "category": "Other",
  "language": [
    "DOTNET"
  ],
  "cwe": [],
  "description": "OPT.CSHARP.Csharp.CheckNewExceptionWithoutThrowing",
  "risk": "{{#paragraph}}Rule detects object creations of exception types which are not used: by throw, by return or passed as arguments in method calls.\nThis type object instantiations are useless and should be reviwed.\n{{/paragraph}}\n",
  "issue": null,
  "advice": null,
  "vendor": "kiuwan"
}