{
  "id": "OPT.CPP.MISRAC.ComparePointersWhenOnSameArray",
  "name": "Compare Pointers When On Same Array",
  "severity": "MEDIUM",
  "category": "Pointer and reference handling",
  "language": [
    "CPP"
  ],
  "cwe": [],
  "description": "OPT.CPP.MISRAC.ComparePointersWhenOnSameArray",
  "risk": "{{#paragraph}}Attempting to make comparisons between pointers will produce undefined behaviour if the two pointers do not point to the same object.\n\nNote: it is permissible to address the next element beyond the end or an array, but accessing this element is not allowed.\nFor example, for an array arr[10], it is allowed to get &arr[10] (position of first element past the array), but not arr[10].\n{{/paragraph}}\n",
  "issue": null,
  "advice": null,
  "vendor": "kiuwan"
}