{
  "id": "OPT.KOTLIN.SEC.PasswordInRedirect",
  "name": "Password In Redirect",
  "severity": "CRITICAL",
  "category": "Information leaks",
  "language": [
    "KOTLIN"
  ],
  "cwe": [
    "http://cwe.mitre.org/data/definitions/359.html"
  ],
  "description": "OPT.KOTLIN.SEC.PasswordInRedirect",
  "risk": "{{#paragraph}}Sending a password as part of an HTTP redirect will cause the password to be displayed,\nlogged, or stored in a cache.\n\nAn HTTP redirect causes the user's web browser to issue an HTTP GET request. By convention, the parameters associated\nwith an HTTP GET are not treated as sensitive data,  so web servers log them, proxies cache them, and web browsers do\nnot make an effort to conceal them.\n\nSending a password or other sensitive data as part of a redirect will likely cause the data to be mishandled and\npotentially revealed to an attacker.\n\nThe rule checks if there are parts of the redirect chain that contain expressions that match with the pattern, so it can\nlead to several false positives and/or false negatives.\n{{/paragraph}}\n",
  "issue": null,
  "advice": null,
  "vendor": "kiuwan"
}