{
  "id": "OPT.CSHARP.Csharp.AvoidFloatingPointEquality",
  "name": "Avoid Floating Point Equality",
  "severity": "HIGH",
  "category": "Other",
  "language": [
    "DOTNET"
  ],
  "cwe": [],
  "description": "OPT.CSHARP.Csharp.AvoidFloatingPointEquality",
  "risk": "{{#paragraph}}\nFloating point variables should not be used with equality and inequality operators.\n\nFloating point values are inexact so most of the operations performed with them could introduce errors which can accumulate if multiple operations are performed\nRule shows a violation if there are (in)equality operations with 'double' or 'float' types.\n\nIn general, this comparison should be done by using some kind of \"epsilon\" test instead of making a single comparation (see the code example).\n{{/paragraph}}\n",
  "issue": null,
  "advice": null,
  "vendor": "kiuwan"
}