{
  "id": "OPT.JAVASCRIPT.CookiePoisoning",
  "name": "Cookie Poisoning",
  "severity": "CRITICAL",
  "category": "Injection",
  "language": [
    "JAVASCRIPT"
  ],
  "cwe": [],
  "description": "OPT.JAVASCRIPT.CookiePoisoning",
  "risk": "{{#paragraph}}\nThe application does not prevent malicious input from being inserted into application cookies.\n\nIf an attacker may insert an attack payload that is stored by client-side JavaScript code as part of a browser cookie,\nthat payload may be accepted as legitimate by the application.\n\nThe poisoned cookie can be used to bypass security controls, change user preferences, perform unintended actions\nwith logged user identity, etc.\n{{/paragraph}}\n",
  "issue": null,
  "advice": null,
  "vendor": "kiuwan"
}