{
  "id": "OPT.PYTHON.SECURITY.HttpParameterPollutionRule",
  "name": "Http Parameter Pollution Rule",
  "severity": "HIGH",
  "category": "Injection",
  "language": [
    "PYTHON"
  ],
  "cwe": [
    "http://cwe.mitre.org/data/definitions/235.html"
  ],
  "description": "OPT.PYTHON.SECURITY.HttpParameterPollutionRule",
  "risk": "{{#paragraph}}Concatenating untrusted input into path, query string, or parameters for HTTP message (in\nthe URL or in the request body) may allow an attacker to override/add unexpected request parameters. Attacker may change the intended\nHTTP request semantics, and may give him/her access to unauthorized data or bypass web application\nfirewall validations.\n\nNote: Do not confuse HPP with Server-Side Request Forgery (SSRF), where the attacker has control over the\nfull request URL, including host and port. For HPP attack, attacker has control over other parts like the query string\npart of the URL. Remember the format of an HTTP URL: scheme://user:password@host:port/path?query#fragment\nwhere query is typically param=value&param2=value. HPP is about attackers controlling path, query or fragment,\nwhile SSRF means controlling scheme, user, password, host or port.\n\nLike other injection issues, with HPP attackers play with \"&\" to inject additional parameter (similar to the quote\nin SQL injection), \"../\" to change the path, \";\" (to add matrix parameters to URL at different path segments), or \"#\"\nto remove ending URL characters (like \"--\" comment delimiter in SQL injection).\n\nControlling the path typically changes the semantics of the action represented by the HTTP resource.\nSome REST services use request parameter like _method for selecting the HTTP method, which may be subverted by an HPP attack\n(an HTTP header manipulation flaw could also be leveraged with X-HTTP-Method-Override or similar headers in certain frameworks).\n\nFor example, imagine a web application that calls to a remote home-banking REST API. The webapp emits\na (GET) url https://mybank.com/show-balance/account/X/monetaryUnit?date=now to show the balance for the user account X,\nwhere X is taken from a trusted source, but where monetaryUnit is taken from a cookie, and concatenated without\nany validation or encoding into the URL. An attacker could pass a Cookie request header set to \"../../../transfer/X/to/Y?_method=POST#\",\nso the vulnerable web application will create https://mybank.com/show-balance/account/X/../../../transfer/X/to/Y?_method=POST#?date=now\nwhich is equivalent to a POST https://mybank.com/transfer/X/to/Y.\n{{/paragraph}}\n",
  "issue": null,
  "advice": null,
  "vendor": "kiuwan"
}