{
  "id": "OPT.JAVASCRIPT.AvoidUsingParseIntWithoutRadix",
  "name": "Avoid Using Parse Int Without Radix",
  "severity": "MEDIUM",
  "category": "Other",
  "language": [
    "JAVASCRIPT"
  ],
  "cwe": [],
  "description": "OPT.JAVASCRIPT.AvoidUsingParseIntWithoutRadix",
  "risk": "{{#paragraph}}JavaScript provides the parseInt function to parse a string argument and return an integer.\n\nThis function can be invoked with or without specifying a radix. When radix is not included as argument, then JavaScript\nwill try to autodetect which type of literal if being used. Since ECMAScript 5, it will just considers decimal and\nhexadecimal literals, but older versions of ECMAScript also detected octal literals.\n\nA good programming practice is using the parseInt along with the radix parameter, avoiding unexpected results and\nerrors. This practice also increases readability and therefore maintainability.\n\nThis rule reports violation when parseInt invocation doesn't include a radix.\n{{/paragraph}}\n",
  "issue": null,
  "advice": null,
  "vendor": "kiuwan"
}