{
  "id": "OPT.VBNET.SEC.ServerInsecureTransport",
  "name": "Server Insecure Transport",
  "severity": "HIGH",
  "category": "Encryption and randomness",
  "language": [
    "VBNET"
  ],
  "cwe": [
    "https://cwe.mitre.org/data/definitions/319.html"
  ],
  "description": "OPT.VBNET.SEC.ServerInsecureTransport",
  "risk": "{{#paragraph}}\nFor sensitive applications, a secure transport (like TLS/SSL) provides confidentiality and integrity in communications\nwith the server.\n\nThe rule demands that HTTP servers use SSL/TLS transport, to ensure server-side authentication, confidentiality and\nintegrity of the communications with clients.\n{{/paragraph}}\n",
  "issue": null,
  "advice": null,
  "vendor": "kiuwan"
}