{
  "id": "OPT.HTML.FileUploadEnabled",
  "name": "File Upload Enabled",
  "severity": "LOW",
  "category": "File handling",
  "language": [
    "HTML"
  ],
  "cwe": [],
  "description": "OPT.HTML.FileUploadEnabled",
  "risk": "{{#paragraph}}\nBy allowing file uploads, an attacker may inject dangerous content, for example code that could be executed\nin the server, if the uploaded content is not carefully validated.\n\nThis rule simply reports any file input control in HTML code.\n{{/paragraph}}\n",
  "issue": null,
  "advice": null,
  "vendor": "kiuwan"
}