{
  "id": "OPT.COBOL.COD_COBOL.CIN",
  "name": "Called subprogram name should follow naming convention",
  "severity": "LOW",
  "category": "Other",
  "language": [
    "COBOL"
  ],
  "cwe": [],
  "description": "OPT.COBOL.COD_COBOL.CIN",
  "risk": "{{#paragraph}}Subprograms invoked in a CALL statement must follow naming conventions.\nRule states that program name in CALL (a literal or a data entry) must match the configured pattern.\n{{/paragraph}}\n",
  "issue": null,
  "advice": null,
  "vendor": "kiuwan"
}