{
  "id": "OPT.CPP.MISRAC.NoPointerArithmeticExceptArrayIndex",
  "name": "No Pointer Arithmetic Except Array Index",
  "severity": "LOW",
  "category": "Other",
  "language": [
    "CPP"
  ],
  "cwe": [],
  "description": "OPT.CPP.MISRAC.NoPointerArithmeticExceptArrayIndex",
  "risk": "{{#paragraph}}\nArray indexing is the only aceptable form of pointer arithmetic, because it is clearer and hence less error prone that pointer manipulation.\n\nThis rule bans the explicit calculation of pointer values. Array indexing shall only be applied to objects defined as an array type.\n\nAny explicitly calculated pointer value has the potential to access unintended or invalid memory addresses.\nPointers may go out of bounds of arrays or structures, or may even point to effectively arbitrary locations.\n{{/paragraph}}\n",
  "issue": null,
  "advice": null,
  "vendor": "kiuwan"
}