{
  "id": "OPT.PYTHON.SECURITY.LogForging",
  "name": "Log Forging",
  "severity": "HIGH",
  "category": "Injection",
  "language": [
    "PYTHON"
  ],
  "cwe": [
    "https://cwe.mitre.org/data/definitions/117.html"
  ],
  "description": "OPT.PYTHON.SECURITY.LogForging",
  "risk": "{{#paragraph}}\nWhen the application writes untrusted input to a log destination, using any Python logging API,\na \"log forging\" attack could be launched to inject false log entries, corrupt log entries, or even exploit a\nvulnerability in an external \"log viewer\" application.\n\nCorrupted log entries could hinder detection for malicious activity, or implicate another party\nin the commission of a malicious act.\n{{/paragraph}}\n",
  "issue": null,
  "advice": null,
  "vendor": "kiuwan"
}