{
  "id": "OPT.VBNET.VBnet.AvoidNonStoredProcedureCommands",
  "name": "Avoid Non Stored Procedure Commands",
  "severity": "LOW",
  "category": "Other",
  "language": [
    "VBNET"
  ],
  "cwe": [],
  "description": "OPT.VBNET.VBnet.AvoidNonStoredProcedureCommands",
  "risk": "{{#paragraph}}This rule checks that database operations use stored procedures, reporting any database operation that use other SQL operations. ADO.NET database operation methods and custom methods (see dbMethods property) calls are looked for, then the SQL code is checked for bad usage (of non-stored procedures).\n{{/paragraph}}\n",
  "issue": null,
  "advice": null,
  "vendor": "kiuwan"
}