{
  "id": "OPT.CSHARP.Csharp.DoNotRaiseReservedExceptionTypes",
  "name": "Do Not Raise Reserved Exception Types",
  "severity": "MEDIUM",
  "category": "Error handling and fault isolation",
  "language": [
    "DOTNET"
  ],
  "cwe": [],
  "description": "OPT.CSHARP.Csharp.DoNotRaiseReservedExceptionTypes",
  "risk": "{{#paragraph}}\nA method raises an exception type that is too general or that is reserved by the runtime.\n\nThe following exception types are too general to provide sufficient information to the user:\n- System.Exception\n- System.ApplicationException\n- System.SystemException\n\nThe following exception types are reserved and should be thrown only by the Common Language Runtime:\n- System.ExecutionEngineException\n- System.IndexOutOfRangeException\n- System.NullReferenceException\n- System.OutOfMemoryException\n{{/paragraph}}\n",
  "issue": null,
  "advice": null,
  "vendor": "kiuwan"
}