{
  "id": "OPT.JAVASCRIPT.AvoidTooComplexFunctions",
  "name": "Avoid Too Complex Functions",
  "severity": "HIGH",
  "category": "Other",
  "language": [
    "JAVASCRIPT"
  ],
  "cwe": [],
  "description": "OPT.JAVASCRIPT.AvoidTooComplexFunctions",
  "risk": "{{#paragraph}}Cyclomatic complexity is a metric which measures the number of different paths which a\nprogram flow can take.\n\nIt is a simple metric to calculate, since it just counts the number of conditional statements types if, while, for,\nforeach, case, default, continue, &&, ||, catch and ternary operator ?. Unlike other metrics it can be calculated into\nthe development cycle so it can be fully integrated into the agile software development.\n\nA cyclomatic complexity value greater than 15 warns about a complex code and can be at high risk for maintainability.\n\nTo improve the cyclomatic complexity of a method, it should be refactored.\n{{/paragraph}}\n",
  "issue": null,
  "advice": null,
  "vendor": "kiuwan"
}