{
  "id": "OPT.KOTLIN.SEC.InsecureTransport",
  "name": "Insecure Transport",
  "severity": "HIGH",
  "category": "Encryption and randomness",
  "language": [
    "KOTLIN"
  ],
  "cwe": [
    "http://cwe.mitre.org/data/definitions/311.html",
    "http://cwe.mitre.org/data/definitions/326.html"
  ],
  "description": "OPT.KOTLIN.SEC.InsecureTransport",
  "risk": "{{#paragraph}}\nCommunications sent over HTTP (Hypertext Transfer Protocol) protocol are in plain text, so\nthey are fully exposed to attacks such as man in the middle. This situation is not acceptable when sensible information\nis being communicated.\n\nUsing HTTPS (Hypertext Transfer Protocol Secure) allows to perform encrypted connections between the user and the server\nusing SSL (Secure Sockets Layer) or TLS (Transport Layer Security) certificates. These certificates use an asymmetric\npublic key infrastructure (PKI) system, which consists in two keys, one of them public distributed to the users, and the\nother private stored into the server.\n\nWhen a connection to a web page is started the server sends a SSL/ TSL certificate to the user's browser, and then they\nestablish a secure connection.\n{{/paragraph}}\n",
  "issue": null,
  "advice": null,
  "vendor": "kiuwan"
}