{
  "id": "OPT.JAVA.DECL.AvoidUseLiteral",
  "name": "Avoid Use Literal",
  "severity": "MEDIUM",
  "category": "Other",
  "language": [
    "JAVA"
  ],
  "cwe": [],
  "description": "OPT.JAVA.DECL.AvoidUseLiteral",
  "risk": "{{#paragraph}}String literals pose problems for readability and globalisation. To increase performance and ensure code readability and compatibility with globalisation, do not declare explicit string literals, especially duplicated literals.\n{{/paragraph}}\n",
  "issue": null,
  "advice": null,
  "vendor": "kiuwan"
}