{
  "id": "OPT.JAVA.ANDROID.CheckExternalStoragePermission",
  "name": "Check External Storage Permission",
  "severity": "MEDIUM",
  "category": "Permissions, privileges and access controls",
  "language": [
    "JAVA"
  ],
  "cwe": [
    "https://cwe.mitre.org/data/definitions/265.html"
  ],
  "description": "OPT.JAVA.ANDROID.CheckExternalStoragePermission",
  "risk": "{{#paragraph}}\nSome Android permissions allow the application to control several device fundamental components, which can lead to an user\nexperience degradation when the usage of these components is not suitable.\n\nThis rule check is the application has requested permission to access the external storage, android.permission.WRITE_EXTERNAL_STORAGE.\n\nNOTE: When the application must use this permission and it has been allowed to use it, this rule must be disabled.\n{{/paragraph}}\n",
  "issue": null,
  "advice": null,
  "vendor": "kiuwan"
}