{
  "id": "OPT.JAVASCRIPT.FunctionDeclarationsWithinBlocks",
  "name": "Function Declarations Within Blocks",
  "severity": "LOW",
  "category": "Other",
  "language": [
    "JAVASCRIPT"
  ],
  "cwe": [],
  "description": "OPT.JAVASCRIPT.FunctionDeclarationsWithinBlocks",
  "risk": "{{#paragraph}}While many browsers support function declarations as statements within blocks, this practice is not supported by the ECMA-262 standard.\n\nTo solve this problem store the function into a variable.\n{{/paragraph}}\n",
  "issue": null,
  "advice": null,
  "vendor": "kiuwan"
}