{
  "id": "OPT.ABAP.ADR.CorrectNamingMeth",
  "name": "Correct Naming Meth",
  "severity": "LOW",
  "category": "Other",
  "language": [
    "ABAP"
  ],
  "cwe": [],
  "description": "OPT.ABAP.ADR.CorrectNamingMeth",
  "risk": "{{#paragraph}}Method names (in classes or interfaces) must follow a naming convention matching regular expression in 'pattern' property.\nFor example, a 'camel-case' naming convention (default pattern) could be enforced.\n{{/paragraph}}\n",
  "issue": null,
  "advice": null,
  "vendor": "kiuwan"
}