{
  "id": "OPT.CSHARP.Csharp.IComparableOverridingMethods",
  "name": "I Comparable Overriding Methods",
  "severity": "HIGH",
  "category": "Other",
  "language": [
    "DOTNET"
  ],
  "cwe": [],
  "description": "OPT.CSHARP.Csharp.IComparableOverridingMethods",
  "risk": "{{#paragraph}}\nA public or protected type implements the System.IComparable interface and does not override System.Object.Equals(), or does not overload\nthe language-specific operators for equality (==), inequality (!=), less than (<), or greater than (>).\n\nTo avoid unexpected behaviour, Equals() and all relational operators (==, !=, < and >) should be implemented to be consistent with\nthe order provided by the implementation of the IComparable.CompareTo(object) method.\n\nThe rule does not report a violation if the type is not a direct subtype the IComparable interface.\n{{/paragraph}}\n",
  "issue": null,
  "advice": null,
  "vendor": "kiuwan"
}