{
  "id": "OPT.JAVA.ClassesAreStronglyInternallyCoupled",
  "name": "Classes Are Strongly Internally Coupled",
  "severity": "MEDIUM",
  "category": "Other",
  "language": [
    "JAVA"
  ],
  "cwe": [],
  "description": "OPT.JAVA.ClassesAreStronglyInternallyCoupled",
  "risk": "{{#paragraph}}\nCoupling indicates the interconnection degree between different classes, so when a class\ndepends on other classes to perform its function we can say they are coupled.\n\nIt is advisable to minimize coupling, since high coupling has some disadvantages:\n  - Reduce maintainability.\n  - Reduce reusability.\n  - A change in one module can lead to modifications in several modules, which is known as the ripple effect.\n\nTo determine the degree of coupling CBO (Coupling Between Objects) metric is used, which measures the number of links between classes.\nThis rule emits a violation on type declarations that exceed the threshold value for CBO, set in \"cbo.threshold\" property.\nNote: References to Java JDK classes are not considered in the computation for the CBO metric.\n\nCoupling can be reduced by decomposing the class into smaller ones, with fewer references to other types.\n{{/paragraph}}\n",
  "issue": null,
  "advice": null,
  "vendor": "kiuwan"
}