{
  "id": "OPT.ABAP.APFR.MaxNumberDBOp",
  "name": "Max Number DB Op",
  "severity": "MEDIUM",
  "category": "Other",
  "language": [
    "ABAP"
  ],
  "cwe": [],
  "description": "OPT.ABAP.APFR.MaxNumberDBOp",
  "risk": "{{#paragraph}}\nPlacing too many database operations in a procedural block (function, method, module, FORM or REPORT body) is a sign of\nhigh complexity, making the block difficult to maintain and change.\n\nThe rule recommends to not exceed a maximum number of database operations in the ABAP unit considered.\nSuch threshold is configured in the 'accessDB' property.\n\nIf the threshold is exceeded, the offending block should be refactored in smaller blocks with a low number\nof database operations, for simpler code and higher reuse opportunities for database code.\n{{/paragraph}}\n",
  "issue": null,
  "advice": null,
  "vendor": "kiuwan"
}