{
  "id": "OPT.JAVA.STRUTS.INST",
  "name": "Avoid instance variables in an Action class",
  "severity": "MEDIUM",
  "category": "Other",
  "language": [
    "JAVA"
  ],
  "cwe": [],
  "description": "OPT.JAVA.STRUTS.INST",
  "risk": "{{#paragraph}}The rule identifies instance variables in Action classes.\nAs Action classes are really behaviour-only 'singletons' (a 'process') that may be concurrently used by multiple threads, leading to subtle concurrency problems.\nTo avoid synchronization issues when reading and modifying Action state, it is better to avoid stateful Actions altogether.\nThe rule uses a property for declaring which instance variables will be ignored by the rule.\n{{/paragraph}}\n",
  "issue": null,
  "advice": null,
  "vendor": "kiuwan"
}