{
  "id": "OPT.PHP.SessionCookieConfiguration",
  "name": "Session Cookie Configuration",
  "severity": "HIGH",
  "category": "Misconfiguration",
  "language": [
    "PHP"
  ],
  "cwe": [
    "https://cwe.mitre.org/data/definitions/16.html"
  ],
  "description": "OPT.PHP.SessionCookieConfiguration",
  "risk": "{{#paragraph}}\nWeak session cookies configuration can expose the application to session hijacking or session fixation attacks.\n\nWeaknesses analyzed in session configuration entries include:\n\n- Session IDs in URL instead of using cookies.\n  With session.use_trans_sid=1 or session.use_cookies=0, the session ID will not use cookies and will be written as\n  URL parameter, which could be captured from web logs and other sources.\n\n- Non strict mode.\n  With session.use_strict_mode=0, application may be vulnerable to session fixation attacks.\n\n- Cookies not sent over SSL (CWE-614):\n  Sending cookies over an unencrypted channel expose them to network sniffing attacks. The secure flag helps\n  with cookie confidentiality, very important for session ID cookies.\n\n- httpOnly not set:\n  Major browsers support the httpOnly flag, which prevents client-side (JavaScript) code from accessing the cookie.\n  Cross-site scripting (XSS) attacks often target cookies when they carry important information. Without httpOnly,\n  a XSS attack evades from browser's same-origin policy and let the attacker access to the session ID.\n\n- Too-broad domain:\n  Developers often set session cookie to be active across a base domain like \".myorg.com\". This exposes the session ID\n  to all web applications on the base domain and subdomains. Shared cookies across apps may lead a vulnerability in one application\n  (where the session ID is captured by an attack) to compromise another.\n\n- Too-broad path:\n  Developers often set session cookie to be active across a base path like \"/\". This exposes the session ID\n  to all web applications on same domain. Shared cookies across apps may lead a vulnerability in one application to\n  compromise another.\n\n- Persistent cookies (CWE-539):\n  Developers may set expiration time for persistent cookies. Contrary to non-persistent cookies, which reside\n  in browser memory, persistent cookies are not lost when browser is closed. Attackers have a larger time window to impersonate\n  active sessions. Additionally, non-persistent cookies could be used for tracking user navigation, which could violate user privacy.\n{{/paragraph}}\n",
  "issue": null,
  "advice": null,
  "vendor": "kiuwan"
}