{
  "id": "OPT.JAVASCRIPT.WeakCryptographicHash",
  "name": "Weak Cryptographic Hash",
  "severity": "HIGH",
  "category": "Encryption and randomness",
  "language": [
    "JAVASCRIPT"
  ],
  "cwe": [
    "http://cwe.mitre.org/data/definitions/328.html"
  ],
  "description": "OPT.JAVASCRIPT.WeakCryptographicHash",
  "risk": "{{#paragraph}}\nUse of weak cryptographic hash does not guarantee data integrity.\n\nA (cryptographic) hash function maps data of arbitrary size (\"the message\") to a bit string of a fixed size (\"the digest\"),\ndesigned to be a 'one-way' function, infeasible to invert. Ideally, a brute-force search of possible inputs to check\nfor a match on the expected digest (or a 'rainbow' table of precomputed message/hash pairs) should be the unique way\nto recreate an input for a given digest.\n\nHash functions are the \"workhorses\" of modern cryptography, with many usages in digital signatures, message authentication codes (MACs),\nsymmetric key generation, indexing in hash tables, duplicate data detection, checksum against accidental data corruption...\n\nA hash function hash() should have resistance against certain attacks:\n* pre-image resistance: given hash value h, it should be difficult to find m such that h = hash(m).\n* second pre-image resistance: given m1, it should be difficult to find another m2 such that hash(m1) = hash(m2).\n* collision resistance (\"birthday attack\"): it should be difficult to find m1, m2 such that hash(m1) = hash(m2).\n* length-extension resistance: given hash(m) and len(m) but not m, by choosing a suitable m' an attacker can calculate hash(m | m')\n  (| denotes concatenation).\n\nResources needed for brute-force attacks obviously vary exponentially with hash size in bits, while for other attacks\ncould be half the bits in time or pre-image space (or much lower, if the algorithm has weaknesses).\n\nMD5 and SHA1 are often used to verify the integrity of data but last advances in cryptanalysis have discovered weaknesses\nin both algorithms. In particular, they use the Merkle-Damgard construction, which are vulnerable to length-extension attacks\nagainst naive MAC generation, like hash(K | M).\n\nNote: Currently, a few JavaScript crypto libraries include the newly NIST standarized hash algorithm SHA-3 (Keccak),\nwhich is a variable-size hash function (actually, a \"cryptographic sponge\") under sha3-224 ... sha3-512. When available\ntheir usage is recommended in new code.\n\nThe rule looks for usages of crypto primitives (hash or hmac) using a weak function.\n{{/paragraph}}\n",
  "issue": null,
  "advice": null,
  "vendor": "kiuwan"
}