{
  "id": "OPT.CSHARP.Csharp.DefaultParametersShouldNotBeUsed",
  "name": "Default Parameters Should Not Be Used",
  "severity": "MEDIUM",
  "category": "Other",
  "language": [
    "DOTNET"
  ],
  "cwe": [],
  "description": "OPT.CSHARP.Csharp.DefaultParametersShouldNotBeUsed",
  "risk": "{{#paragraph}}\nDefault parameters should not be used.\n\nMethods that use default parameters are allowed under the Common Language Specification (CLS); however, the CLS allows compilers\nto ignore the values that are assigned to these parameters.\n\nCode that is written for compilers that ignore default parameter values must explicitly provide arguments for each default parameter.\n\nTo maintain the behavior that you want across programming languages, methods that use default parameters should be replaced\nwith method overloads that provide the default parameters.\n{{/paragraph}}\n",
  "issue": null,
  "advice": null,
  "vendor": "kiuwan"
}