{
  "id": "OPT.SCALA.SECURITY.CookiesInSecurityDecision",
  "name": "Cookies In Security Decision",
  "severity": "HIGH",
  "category": "Permissions, privileges and access controls",
  "language": [
    "SCALA"
  ],
  "cwe": [
    "https://cwe.mitre.org/data/definitions/784.html"
  ],
  "description": "OPT.SCALA.SECURITY.CookiesInSecurityDecision",
  "risk": "{{#paragraph}}\nUsing a cookie for security decision is a bad practice. Remember that attackers control most parts of the HTTP message,\nincluding cookies sent to the application. If a security check is based on the value of a cookie field (for example,\nthe cookie value), a attacker may choose a particular value to pass such security check, without any reliance to\npast navigation through the vulnerable application.\n\nAttackers may exploit this vulnerability to bypass protection mechanisms such as authorization and authentication,\nby modifying the cookie to contain an expected value.\n{{/paragraph}}\n",
  "issue": null,
  "advice": null,
  "vendor": "kiuwan"
}