{
  "id": "OPT.JAVA.SERI.PrivateReadWriteObjects",
  "name": "Private Read Write Objects",
  "severity": "MEDIUM",
  "category": "Design error",
  "language": [
    "JAVA"
  ],
  "cwe": [],
  "description": "OPT.JAVA.SERI.PrivateReadWriteObjects",
  "risk": "{{#paragraph}}In classes that implement the java.io.Externalizable or java.io.Serializable interfaces, when the readObject() / writeObject() methods\nare implemented, those methods have to be declared as private.\n\nThe declaration of readObject() and writeObject() as private is expected by the Java serialization protocol.\nIf not, security problems may occur in the application: Such methods should not be available to third parties, and\nthey should not be overwritten in subclasses. Not making them private breaks these assumptions.\n\nNOTE: The readObjectNoData(), when implemented, must be private as well.\n{{/paragraph}}\n",
  "issue": null,
  "advice": null,
  "vendor": "kiuwan"
}