{
  "id": "OPT.CPP.SEC.InsecureRandomness",
  "name": "Insecure Randomness",
  "severity": "MEDIUM",
  "category": "Encryption and randomness",
  "language": [
    "CPP"
  ],
  "cwe": [
    "http://cwe.mitre.org/data/definitions/330.html",
    "http://cwe.mitre.org/data/definitions/338.html"
  ],
  "description": "OPT.CPP.SEC.InsecureRandomness",
  "risk": "{{#paragraph}}\nInsecure randomness errors occur when a function that can produce predictable values is used as a source of randomness\nin security-sensitive context.\n\nComputers are deterministic machines, and as such are unable to produce true randomness. Pseudo-Random Number Generators\n(PRNGs) approximate randomness algorithmically, starting with a seed from which subsequent values are calculated.\n\nThere are two types of PRNGs: statistical and cryptographic. Statistical PRNGs provide useful statistical properties,\nbut their output is highly predictable and forms an easy to reproduce numeric stream that is unsuitable for use in cases\nwhere security depends on generated values being unpredictable. Cryptographic PRNGs address this problem by generating\noutput that is more difficult to predict. For a value to be cryptographically secure, it must be impossible or highly\nimprobable for an attacker to distinguish between it and a truly random value. In general, if a PRNG algorithm is not\nadvertised as being cryptographically secure, then it is probably a statistical PRNG and should not be used in\nsecurity-sensitive contexts, where its use can lead to serious vulnerabilities such as easy-to-guess temporary passwords,\npredictable cryptographic keys, session hijacking, and DNS spoofing.\n{{/paragraph}}\n",
  "issue": null,
  "advice": null,
  "vendor": "kiuwan"
}