{
  "id": "OPT.VBNET.VBnet.AvoidUnsealedConcreteAttributesRule",
  "name": "Avoid Unsealed Concrete Attributes Rule",
  "severity": "MEDIUM",
  "category": "Other",
  "language": [
    "VBNET"
  ],
  "cwe": [],
  "description": "OPT.VBNET.VBnet.AvoidUnsealedConcreteAttributesRule",
  "risk": "{{#paragraph}}Avoid attributes defined as NotInheritable but not abstract.\n    This can cause a performance issue when searching the hierarchy of attribute types.\n{{/paragraph}}\n",
  "issue": null,
  "advice": null,
  "vendor": "kiuwan"
}