{
  "id": "OPT.CPP.MISRAC.DoNotCommentOutSourceCode",
  "name": "Do Not Comment Out Source Code",
  "severity": "NOTE",
  "category": "Other",
  "language": [
    "CPP"
  ],
  "cwe": [],
  "description": "OPT.CPP.MISRAC.DoNotCommentOutSourceCode",
  "risk": "{{#paragraph}}Where it is required for sections of source code not to be compiled then this should be achieved by use of conditional compilation (e.g. {{{#}}}if or {{{#}}}ifdef constructs with a comment). Using start and end comment markers for this purpose is dangerous because C does not support nested comments, and any comments already existing in the section of code would change the effect.\n{{/paragraph}}\n",
  "issue": null,
  "advice": null,
  "vendor": "kiuwan"
}