{
  "id": "OPT.JAVA.ACTIONS.NMTP",
  "name": "Don't use public methods in Actions",
  "severity": "LOW",
  "category": "Design error",
  "language": [
    "JAVA"
  ],
  "cwe": [],
  "description": "OPT.JAVA.ACTIONS.NMTP",
  "risk": "{{#paragraph}}Strust Actions must not have public methods, because these classes should not be instantiated.\nThe only one allowed public method is the action method itself (execute, for example), which all Actions class should overwrite.\n{{/paragraph}}\n",
  "issue": null,
  "advice": null,
  "vendor": "kiuwan"
}