{
  "id": "OPT.JAVA.JAX.UseGenericEntity",
  "name": "Use Generic Entity",
  "severity": "MEDIUM",
  "category": "Other",
  "language": [
    "JAVA"
  ],
  "cwe": [],
  "description": "OPT.JAVA.JAX.UseGenericEntity",
  "risk": "{{#paragraph}}When a list of instances is returned into the response, the type of the instances is lost,\nso JAX won't find a proper MessageBodyWritter. For example, a List<MyCustomObject> would appear like List<?> at runtime.\n\nJAX includes a type, javax.ws.rs.core.GenericEntity, which allows keeping the instances types, so they can be recovered\nat runtime.\n\nThis rule reports violation when a list of entities is included into a response, without using GenericEntity.\n{{/paragraph}}\n",
  "issue": null,
  "advice": null,
  "vendor": "kiuwan"
}