{
  "id": "OPT.CSHARP.SEC.HttpSplittingRule",
  "name": "Http Splitting Rule",
  "severity": "CRITICAL",
  "category": "Injection",
  "language": [
    "DOTNET"
  ],
  "cwe": [
    "http://cwe.mitre.org/data/definitions/113.html"
  ],
  "description": "OPT.CSHARP.SEC.HttpSplittingRule",
  "risk": "{{#paragraph}}\nSoftware places user-controlled input in HTTP headers. An attacker could inject line separators (CR/LF sequences)\nthat could split the response message generated by the software into two messages. The second response is completely\nunder the control of the attacker (intermediate web proxies may cache it), with could produce multiple conditions\n(web defacement, cache poisoning, cross-site scripting or page hijacking, see CWE-113 for full details).\n\nIf software needs to generate HTTP headers depending on user-controlled input, such input should be properly\nneutralized (a white-list validation excluding CR/LF is recommended). Please note that cookies are received and\nsent in 'Cookie' header in HTTP messages, so if the software generates a Cookie from user input, the input should\nbe properly validated as well.\n\nNOTE: ASP.NET 2.0 applications on IIS 7.0 always rejects new lines in response headers (even if ASP.NET\nenableHeaderChecking is set to false), so if you're using IIS 7.0 you should disable this rule (see\nhttps://docs.microsoft.com/en-us/iis/application-frameworks/building-and-running-aspnet-applications/aspnet-20-breaking-changes-on-iis#changes-in-response-header-processing).\n{{/paragraph}}\n",
  "issue": null,
  "advice": null,
  "vendor": "kiuwan"
}