{
  "id": "OPT.JAVA.SEC_JAVA.AvoidJ2EEExplicitThreadManagement",
  "name": "Avoid J2EE Explicit Thread Management",
  "severity": "MEDIUM",
  "category": "Control flow management",
  "language": [
    "JAVA"
  ],
  "cwe": [
    "https://cwe.mitre.org/data/definitions/383.html"
  ],
  "description": "OPT.JAVA.SEC_JAVA.AvoidJ2EEExplicitThreadManagement",
  "risk": "{{#paragraph}}A J2EE application should avoid bad practices discouraged by the J2EE blueprints, that could introduce weaknesses compromising security. This rule checks that thre is not explicit thread management (CWE-383).\n\n    Thread management in a web application is forbidden by the J2EE standard in some circumstances,\n    is error prone. Managing threads is difficult and is likely to interfere in unpredictable ways with the behavior of the application server.\n    Thread management leads to bugs that are hard to detect and diagnose like deadlock, race conditions, and other synchronization errors\n    that could be exploited to produce illegal access to information or denial of service conditions.\n{{/paragraph}}\n",
  "issue": null,
  "advice": null,
  "vendor": "kiuwan"
}