{
  "id": "OPT.JAVA.ANDROID.SdCardPath",
  "name": "Sd Card Path",
  "severity": "HIGH",
  "category": "Other",
  "language": [
    "JAVA"
  ],
  "cwe": [],
  "description": "OPT.JAVA.ANDROID.SdCardPath",
  "risk": "{{#paragraph}}\nAvoid hardcoded references to SD card path.\n\nSD card references should not be done using \"/sdcard\" directly; Instead, Environment.getExternalStorageDirectory().getPath()\nexpression should be used.\n\nAlso, /data/data/ path should not be referenced directly,  because it may vary in multi-user environments.\nUse Context.getFilesDir().getPath() instead.\n{{/paragraph}}\n",
  "issue": null,
  "advice": null,
  "vendor": "kiuwan"
}