{
  "id": "OPT.JAVA.BUC.AvoidForWithoutIniIncr",
  "name": "Avoid For Without Ini Incr",
  "severity": "MEDIUM",
  "category": "Control flow management",
  "language": [
    "JAVA"
  ],
  "cwe": [
    "http://cwe.mitre.org/data/definitions/835.html"
  ],
  "description": "OPT.JAVA.BUC.AvoidForWithoutIniIncr",
  "risk": "{{#paragraph}}\nA for loop without initialiser and increment expressions is confusing and error prone.\nMaking the loop less comprehensible, opening the possibility for an \"infinite loop\" bug.\nLoops without initialization and increment can be replaced by a while loop.\n\nNote: For-each loops are allowed (they have implicit increment operation).\n\nNote 2: Loops based on iterators are allowed to have empty increment, if a call to next() over\nthe iterator is found in the loop body.\n\nNote 3: If the loop can be influenced by an attacker, too much resources such as CPU or memory might be consumed,\nleading to a denial-of-service condition.\n{{/paragraph}}\n",
  "issue": null,
  "advice": null,
  "vendor": "kiuwan"
}