{
  "id": "OPT.VBNET.VBnet.StaticHolderTypesShouldBeSealed",
  "name": "Static Holder Types Should Be Sealed",
  "severity": "MEDIUM",
  "category": "Other",
  "language": [
    "VBNET"
  ],
  "cwe": [],
  "description": "OPT.VBNET.VBnet.StaticHolderTypesShouldBeSealed",
  "risk": "{{#paragraph}}A public or protected type contains only static members and is not declared with the 'NotInheritable' modifier.\nThis rule assumes that a type that contains only static members is not designed to be inherited, because the type does not provide any functionality that can be overridden in a derived type.\nA type that is not meant to be inherited should be marked with the NotInheritable modifier to disallow its use as a base type.\n{{/paragraph}}\n",
  "issue": null,
  "advice": null,
  "vendor": "kiuwan"
}