{
  "id": "OPT.ABAP.AWD.ImplementLayout",
  "name": "Implement Layout",
  "severity": "MEDIUM",
  "category": "Other",
  "language": [
    "ABAP"
  ],
  "cwe": [],
  "description": "OPT.ABAP.AWD.ImplementLayout",
  "risk": "{{#paragraph}}\nAll Web Dynpro views must contain at least a layout element.\n\nThe rule uses the WD_Controller.txt and WD_Elements.txt files exported by SAP extractor.\nA single violation listing the views without layout will be reported.\n{{/paragraph}}\n",
  "issue": null,
  "advice": null,
  "vendor": "kiuwan"
}