{
  "id": "OPT.KOTLIN.SEC.PlaintextStorageInACookie",
  "name": "Plaintext Storage In A Cookie",
  "severity": "MEDIUM",
  "category": "Misconfiguration",
  "language": [
    "KOTLIN"
  ],
  "cwe": [
    "https://cwe.mitre.org/data/definitions/312.html",
    "https://cwe.mitre.org/data/definitions/315.html"
  ],
  "description": "OPT.KOTLIN.SEC.PlaintextStorageInACookie",
  "risk": "{{#paragraph}}Sensitive data stored in a encoded way makes harder to read it than it was stored in plaintext.\n        An attacker could use widely-available tools to view cookie content.\n        The rule checks whether a cookie with sensitive data is being stored without any kind of encoding.\n{{/paragraph}}\n",
  "issue": null,
  "advice": null,
  "vendor": "kiuwan"
}