{
  "id": "OPT.VBNET.SEC.LogForging",
  "name": "Log Forging",
  "severity": "HIGH",
  "category": "Injection",
  "language": [
    "VBNET"
  ],
  "cwe": [
    "https://cwe.mitre.org/data/definitions/117.html"
  ],
  "description": "OPT.VBNET.SEC.LogForging",
  "risk": "{{#paragraph}}\nWhen the application writes untrusted input to a log destination,\na \"log forging\" attack could be launched to inject false log entries, corrupt log entries,\nor even exploit a vulnerability in an external \"log viewer\" application.\n\nCorrupted log entries could hinder detection for malicious activity, or implicate another party\nin the commission of a malicious act.\n{{/paragraph}}\n",
  "issue": null,
  "advice": null,
  "vendor": "kiuwan"
}