{
  "id": "OPT.KOTLIN.GarbageCollectorCall",
  "name": "Garbage Collector Call",
  "severity": "CRITICAL",
  "category": "Other",
  "language": [
    "KOTLIN"
  ],
  "cwe": [],
  "description": "OPT.KOTLIN.GarbageCollectorCall",
  "risk": "{{#paragraph}}\nExplicit calls to garbage collector are indicators of fundamentally broken code.\nAny code that depends on it for correctness is certainly broken; any that rely on it for performance are most likely broken.\n\nCode should work independently of the garbage collector, and should not require the GC to be triggered at certain points.\n\nThe gc() and runFinalization() on System / Runtime classes are reported as violations of the rule.\n{{/paragraph}}\n",
  "issue": null,
  "advice": null,
  "vendor": "kiuwan"
}