{
  "id": "OPT.JAVASCRIPT.PERFORMANCE.NoMethodAppendChild",
  "name": "No Method Append Child",
  "severity": "MEDIUM",
  "category": "Other",
  "language": [
    "JAVASCRIPT"
  ],
  "cwe": [],
  "description": "OPT.JAVASCRIPT.PERFORMANCE.NoMethodAppendChild",
  "risk": "{{#paragraph}}DOM modification functions (createElement(), appendChild(), insertBefore(), removeChild()...) are relatively inneficient, when compared to innerHTML. The innerHTML property is propietary, but a 'de fact' standard, supported in most browsers.\n\nNOTE: In some cases, innerHTML is not convenient and the slower DOM functions should be used instead.\nDeactivate the rule if this is your case.\n{{/paragraph}}\n",
  "issue": null,
  "advice": null,
  "vendor": "kiuwan"
}