{
  "id": "OPT.PHP.UseMaintainedSymfonyVersion",
  "name": "Use Maintained Symfony Version",
  "severity": "MEDIUM",
  "category": "Other",
  "language": [
    "PHP"
  ],
  "cwe": [],
  "description": "OPT.PHP.UseMaintainedSymfonyVersion",
  "risk": "{{#paragraph}}\nA standard version of Symfony is maintained by the support team for months (8 months for bugs, 14 months for security issues).\n\nUsing unmaintained versions can lead to bugs or security vulnerabilities that have not been corrected.\n{{/paragraph}}\n",
  "issue": null,
  "advice": null,
  "vendor": "kiuwan"
}