{
  "id": "OPT.COBOL.SEC.HTTPHeaderManipulation",
  "name": "HTTP Header Manipulation",
  "severity": "CRITICAL",
  "category": "Information leaks",
  "language": [
    "COBOL"
  ],
  "cwe": [
    "http://cwe.mitre.org/data/definitions/113.html"
  ],
  "description": "OPT.COBOL.SEC.HTTPHeaderManipulation",
  "risk": "{{#paragraph}}When program inserts non-validated external input in an HTTP response header,\ncertain attacks (cache poisoning, cross-site scripting, cross-user defacement, page hijacking), particularly\nwhen attacker inserts CR/LF (carriage return / line feed) characters to modify the structure of the HTTP message.\n\nThe header manipulation vulnerability (CWE 113, also known as CRLF injection) occurs when:\n1. Data enters cobol program through an untrusted source, like an HTTP request.\n2. Such data is included in an HTTP response header, without proper neutralization.\n\nThis allows a potential attacker to fully modify the HTTP response, typically including CR/LF characters\nso a chosen value could generate one or more altered HTTP responses, resulting in many kinds of attacks,\nlike cache poisoning, URL redirection / page hijacking, web defacement, cross-site scripting, etc.\n{{/paragraph}}\n",
  "issue": null,
  "advice": null,
  "vendor": "kiuwan"
}