{
  "id": "OPT.KOTLIN.ComplexCondition",
  "name": "Complex Condition",
  "severity": "LOW",
  "category": "Other",
  "language": [
    "KOTLIN"
  ],
  "cwe": [],
  "description": "OPT.KOTLIN.ComplexCondition",
  "risk": "{{#paragraph}}\nComplex conditions make it hard to understand which cases lead to the condition being true or false.\n\nTo improve readability and understanding of complex conditions, consider extracting them into\nwell-named functions or variables, and call/use those instead.\n{{/paragraph}}\n",
  "issue": null,
  "advice": null,
  "vendor": "kiuwan"
}