{
  "id": "OPT.KOTLIN.SEC.InsecureRandomness",
  "name": "Insecure Randomness",
  "severity": "HIGH",
  "category": "Encryption and randomness",
  "language": [
    "KOTLIN"
  ],
  "cwe": [
    "https://cwe.mitre.org/data/definitions/330.html/",
    "http://cwe.mitre.org/data/definitions/338.html"
  ],
  "description": "OPT.KOTLIN.SEC.InsecureRandomness",
  "risk": "{{#paragraph}}Insecure randomness errors occur when a function that can produce predictable values is used as a source of randomness\nin a security-sensitive context: security tokens (like anti-CSRF or password-reset tokens), values used in cryptographic\noperations (session key material, initialization vector in block or stream ciphers), or password seeds.\n\nComputers are deterministic machines, and as such are unable to produce true randomness. Pseudo-Random Number Generators\n(PRNGs) approximate randomness algorithmically, starting with a seed from which subsequent values are calculated.\n\nThere are two types of PRNGs: statistical and cryptographic. Statistical PRNGs provide useful statistical properties,\nbut their output is highly predictable and forms an easy to reproduce numeric stream that is unsuitable for use\nin cases where security depends on generated values being unpredictable.\n\nCryptographic PRNGs address this problem by generating output that is more difficult to predict. For a value to be\ncryptographically secure, it must be impossible or highly improbable for an attacker to distinguish between it\nand a truly random value.\n\nIn general, if a PRNG algorithm is not advertised as being cryptographically secure, then it is probably a\nstatistical PRNG and should not be used in security-sensitive contexts, where its use can lead to serious vulnerabilities\nsuch as easy-to-guess temporary passwords, predictable cryptographic keys, or session hijacking, among others.\n\nThe rule also checks that the standard java.security.SecureRandom is initialized properly, which basically means that\nits setSeed() method is not called with any seed generated by custom code, except SecureRandom.getSeed(int) or\nSecureRandom.generateSeed(int), which are accepted as a proper seed with \"adequate entropy\".\n{{/paragraph}}\n",
  "issue": null,
  "advice": null,
  "vendor": "kiuwan"
}