{
  "id": "OPT.JAVASCRIPT.JSX.SandboxAllowScriptsAndSameOrigin",
  "name": "Sandbox Allow Scripts And Same Origin",
  "severity": "CRITICAL",
  "category": "Misconfiguration",
  "language": [
    "JAVASCRIPT"
  ],
  "cwe": [],
  "description": "OPT.JAVASCRIPT.JSX.SandboxAllowScriptsAndSameOrigin",
  "risk": "{{#paragraph}}\nIn HTML5, iframe content could be sandboxed, and the developer may give the capabilities it requires\n(a whitelist of capabilities that the framed content needs, specified in the iframe's sandbox attribute).\nIf you need to include external content in your application, sandboxing is an excelent measure (when properly set).\nFor example, plugins are blocked in sandbox, and that restriction cannot be lifted.\n\nAs the framed content needs certain capabilities enabled to be useful, developers must exercise due care\nwhen choosing which sandbox restrictions to be lifted, and that the lifted restrictions are really the minimum\nneeded by the framed content ('principle of least-privilege').\n\nSetting both the allow-scripts and allow-same-origin keywords together, when the embedded page\nhas the same origin as the page containing the iframe, allows the embedded page to simply remove\nthe sandbox attribute and then reload itself, effectively breaking out of the sandbox altogether.\n\nRemember, allow-same-origin typically permits the sandboxed content to access its own DOM and originating site\n(typical same-origin policy). But if the content origin is the same as your application's, and you add the\nallow-scripts permission, an attacker may remove sandbox attribute and reload the content.\n{{/paragraph}}\n",
  "issue": null,
  "advice": null,
  "vendor": "kiuwan"
}