{
  "id": "OPT.JAVA.ANDROID.UseValueOf",
  "name": "Use Value Of",
  "severity": "NOTE",
  "category": "Other",
  "language": [
    "JAVA"
  ],
  "cwe": [],
  "description": "OPT.JAVA.ANDROID.UseValueOf",
  "risk": "{{#paragraph}}Avoid wrapper classes constructor calls, such as new Integer(37).\n\n        Instead, use valueOf method, such as Integer.valueOf(37).\n\n        This usually will use lees memory because common integer such as 0 or 1, will share a single intance.\n\n        Type names checked by the rule are:\n          - Integer\n          - Boolean\n          - Double\n          - Float\n          - Character\n          - Long\n{{/paragraph}}\n",
  "issue": null,
  "advice": null,
  "vendor": "kiuwan"
}