{
  "id": "OPT.ASPNET.ReDoSInRegularExpressionValidator",
  "name": "Re DoS In Regular Expression Validator",
  "severity": "HIGH",
  "category": "Misconfiguration",
  "language": [
    "ASPNET"
  ],
  "cwe": [
    "https://cwe.mitre.org/data/definitions/400.html"
  ],
  "description": "OPT.ASPNET.ReDoSInRegularExpressionValidator",
  "risk": "{{#paragraph}}Regular expressions engine in ASP.Net is built over a non-deterministic Finite Automaton (NFA). It uses backtracking and,\nalthough the engine can quickly confirm a positive match, confirming a negative match can take much more longer.\n\nRegularExpressionValidator control, typically used for input validation, could lead to a denial-of-service attack\n(named \"regular expression denial-of-service\" or ReDoS for short), when the regular expression contains repetition patterns\nthat could lead to 'catastrophic backtracking': An attacker may provide crafted input that, when tried for matching against\nthe regular expression for negative matching, lead to exponential time increase with the size of the input.\n\nSuch regular expressions are named 'evil' for the opportunities for attacks to availability they open.\n\nSince ASP.Net 4.5, regular expressions could be configured with a timeout that could mitigate the problem, even\nwhen configured with 'evil' regular expressions.\n\nThe rule detects RegularExpressionValidator controls (without an explicit timeout) containing potentially 'evil' regular expressions.{{/paragraph}}",
  "issue": null,
  "advice": null,
  "vendor": "kiuwan"
}