{
  "id": "OPT.JAVASCRIPT.UnhandledPromise",
  "name": "Unhandled Promise",
  "severity": "HIGH",
  "category": "Other",
  "language": [
    "JAVASCRIPT"
  ],
  "cwe": [],
  "description": "OPT.JAVASCRIPT.UnhandledPromise",
  "risk": "{{#paragraph}}\nPromises returned from a function should be handled some way or otherwise the program can suffer unexpected behaviours\nbecause they are resolved at unexpected times which can be indicative of programming errors.\n\nTo properly handle Promises returned by function calls they should be:\n - Used along with the await clause.\n - Assigned the call to a variable.\n - Used as into a condition or as a loop iterator.\n - Used as argument from other call.\n{{/paragraph}}\n",
  "issue": null,
  "advice": null,
  "vendor": "kiuwan"
}