{
  "id": "OPT.JAVA.INICIA.SF",
  "name": "Initialize all static fields",
  "severity": "HIGH",
  "category": "Other",
  "language": [
    "JAVA"
  ],
  "cwe": [],
  "description": "OPT.JAVA.INICIA.SF",
  "risk": "{{#paragraph}}All static fields must be initialized in constructors or static blocks.\nThe rule is parameterizable to enforce strict initialization (only in static blocks when 'allowAnyInitialization=false') or any initialization (in constructors or static blocks when (allowAnyInitialization=true').\n{{/paragraph}}\n",
  "issue": null,
  "advice": null,
  "vendor": "kiuwan"
}