{
  "id": "OPT.COBOL.AccessInLoopMoreThanOneIndex",
  "name": "Access In Loop More Than One Index",
  "severity": "LOW",
  "category": "Other",
  "language": [
    "COBOL"
  ],
  "cwe": [],
  "description": "OPT.COBOL.AccessInLoopMoreThanOneIndex",
  "risk": "{{#paragraph}}Access detected in a loop which use more than one index to resolve the access to a table (no. pages >= 7).\n        \n        The ruler shows violation to Mx type accesses (ACCESSTYPE field is LIKE 'M%') on tables with a number of pages equal to or greater than the number indicated by parameter, which are within a loop.\n        \nNOTE: for this rule to work properly, files 'PlanTable' and 'Catalog' are needed. They contain information about the data base.\nCheck documentation about the configuration of these files in the Kiuwan manual (User's guide > Kiuwan Local Analyzer > Advanced configuration > Cobol DB2 rules configuration.)\n{{/paragraph}}\n",
  "issue": null,
  "advice": null,
  "vendor": "kiuwan"
}