{
  "id": "OPT.PYTHON.SECURITY.UnhandledSSLErrorRule",
  "name": "Unhandled SSL Error Rule",
  "severity": "HIGH",
  "category": "Error handling and fault isolation",
  "language": [
    "PYTHON"
  ],
  "cwe": [
    "http://cwe.mitre.org/data/definitions/391.html"
  ],
  "description": "OPT.PYTHON.SECURITY.UnhandledSSLErrorRule",
  "risk": "{{#paragraph}}TLS/SSL error handling in Python typically throws an ssl.SSLError (or its subtypes) when\nthere is a protocol or security problem detected by the SSL subsystem, particularly during SSL handshake / negotiation.\n\nIf these errors are not explicitly handled, the connection may be left in an unexpected, insecure, state.\nThis rule demands that for every network operation using TLS/SSL protocol that may throw a SSL exception,\nthe exceptions are catched (and not ignored) in the same method, to make sure that security-related errors\nare processed properly.\n{{/paragraph}}\n",
  "issue": null,
  "advice": null,
  "vendor": "kiuwan"
}