{
  "id": "OPT.CSHARP.Csharp.DoNotIndirectlyExposeMethodsWithLinkDemands",
  "name": "Do Not Indirectly Expose Methods With Link Demands",
  "severity": "LOW",
  "category": "Permissions, privileges and access controls",
  "language": [
    "DOTNET"
  ],
  "cwe": [],
  "description": "OPT.CSHARP.Csharp.DoNotIndirectlyExposeMethodsWithLinkDemands",
  "risk": "{{#paragraph}}A public or protected member has a LinkDemands and is called by a member that does not perform any security checks.\nA link demand checks the permissions of the immediate caller only. If a member X makes no security demands of its callers, and calls code protected by a link demand, a caller without the necessary permission can use X to access the protected member.\n{{/paragraph}}\n",
  "issue": null,
  "advice": null,
  "vendor": "kiuwan"
}