{
  "id": "OPT.VBNET.CrossSiteRequestForgery",
  "name": "Cross Site Request Forgery",
  "severity": "HIGH",
  "category": "Injection",
  "language": [
    "VBNET"
  ],
  "cwe": [
    "http://cwe.mitre.org/data/definitions/352.html"
  ],
  "description": "OPT.VBNET.CrossSiteRequestForgery",
  "risk": "{{#paragraph}}\nWhen a user is authenticated in a web site, an attacker with knowledge about the web site can perform malicious requests\nagainst the vulnerable site and execute actions while user remains authenticated.\n\nUsually the attacker forces an authenticated user to launch the malicious request using social engineering,\nor by exploiting an XSS vulnerability.\n\nIn web sites developed with ASP.Net framework, anti-forgery tokens, also known as request verification tokens,\nshould be utilized to prevent CSRF attacks.\n\nAnti-forgery tokens are random values generated in the server when a form is requested, and they are included in every request,\nso the server can verify not only that user is authenticated, but that the request was originated from the application.\n\nThis rule checks:\n(1) if a code fragment (an MVC / Web API controller or state-changing method, or a WebForms page) should be protected against CSRF attacks.\n(2) if such code is protected with one of the recommended anti-CSRF protection schemes:\n(2.1) For a WebForms page, checks whether ViewStateUserKey is set (without disabling EnableViewStateMac). Parent pages and master pages\n      are taken into account.\n(2.2) For a MVC controller action method, checks for [ValidateAntiForgeryToken] attribute (or a call to AntiForgery.Validate()).\n(2.3) Alternatives, like common Captcha controls like Google's Recaptcha, are checked for.\n(3) If no protection is found for the candidate code, a violation is reported.\n{{/paragraph}}\n",
  "issue": null,
  "advice": null,
  "vendor": "kiuwan"
}