{
  "id": "OPT.SCALA.SECURITY.SerializationInjection",
  "name": "Serialization Injection",
  "severity": "MEDIUM",
  "category": "Injection",
  "language": [
    "SCALA"
  ],
  "cwe": [
    "http://cwe.mitre.org/data/definitions/502.html"
  ],
  "description": "OPT.SCALA.SECURITY.SerializationInjection",
  "risk": "{{#paragraph}}Certain serialization frameworks (like JDKs XmlEncoder/XmlDecoder or XStream library) provide a framework\nfor arbitrary object persistence (without mapping information), serializing objects to XML documents.\nSuch frameworks allow to serialize constructor and method calls, to reconstruct object instances properly\n(to call the object constructors or setter methods) during deserialization.\n\nIf the application deserializes XML documents from untrusted sources (e.g. in a REST framework), and if an attacker\ncan provide the XML document to be deserialized, he/she may be able to execute arbitrary code on the server, including\nopening a reverse shell to launch commands.\n\nIf you think that this does not affect you, think twice. A top-level service framework (REST, XML-RPC...) could\ntransfer Java objects using an underlying XML persistence framework like XmlEncoder or XStream. A REST framework\ntypically process (HTTP) request messages, and marshals/unmarshals a resource representation (JSON, XML...),\npotentially to Java objects. The underlying unmarshalling library could allow code injection if it does not limit\nwhich objects could be unmarshalled and which code could be executed during deserialization.\n\nAs XStream is used in other frameworks (for example, XStreamMarshaller class in Spring OXM), the vulnerability could\nbe found in other places.\n\nIn other words, any application that allows a user to pass content that will be deserialized by XMLDecoder or XStream\nis exposing a remote code execution flaw..\n{{/paragraph}}\n",
  "issue": null,
  "advice": null,
  "vendor": "kiuwan"
}