{
  "id": "OPT.CPP.DontComparePointerToZero",
  "name": "Dont Compare Pointer To Zero",
  "severity": "LOW",
  "category": "Other",
  "language": [
    "CPP"
  ],
  "cwe": [],
  "description": "OPT.CPP.DontComparePointerToZero",
  "risk": "{{#paragraph}}Do not compare a pointer against zero; use NULL instead.\n\nThis rule verifies that, for a pointer var, checks for null pointer, when explicit, use the NULL macro.\nIn particular, implicit checks like !ptr or ptr in a boolean context are allowed.\n\nNote: This style is what most coding styles recommend for null pointer checks, rule GEN_C.DontComparePointerToNull enforces pointer checks against zero and contradicts this rule.\n{{/paragraph}}\n",
  "issue": null,
  "advice": null,
  "vendor": "kiuwan"
}