{
  "id": "OPT.JAVASCRIPT.NODEJS.AvoidUsingConsoleForDebugging",
  "name": "Avoid Using Console For Debugging",
  "severity": "LOW",
  "category": "Information leaks",
  "language": [
    "JAVASCRIPT"
  ],
  "cwe": [],
  "description": "OPT.JAVASCRIPT.NODEJS.AvoidUsingConsoleForDebugging",
  "risk": "{{#paragraph}}Node.js provides the console.log() command as a fast and non-interrupting way to perform\nlogging/ debugging tasks.\n\nUsually the console.log() commands can be inserted to recover some information of the program flow to resolve some\nmalfunction. Once it's resolved, it gets removed until the next developer repeats the same thing.\n\nAlso, sometimes the console.log() command doesn't get removed, producing unexpected (and possibly security compromising)\nmessages in production.\n\nA good programming practice is using an advanced debugging tool, such as the debug module or other well community known\ndebugging utilities.\n\nThis rule reports violation when a console.log() command is found.\n{{/paragraph}}\n",
  "issue": null,
  "advice": null,
  "vendor": "kiuwan"
}