{
  "id": "OPT.COBOL.CountValidLines",
  "name": "Count Valid Lines",
  "severity": "NOTE",
  "category": "Other",
  "language": [
    "COBOL"
  ],
  "cwe": [],
  "description": "OPT.COBOL.CountValidLines",
  "risk": "{{#paragraph}}\nIt is recommended not implement programs with a high number of lines of code, in order to facilitate debugging and maintenance.\n\nBy activating 'checkParagraphs' property, the rule will show a violation on each paragraph exceeding the specific threshold.\n\nNote: the rule takes into account code lines of COPY files embedded into program. Blank or comment lines are not counted.\n{{/paragraph}}\n",
  "issue": null,
  "advice": null,
  "vendor": "kiuwan"
}