{
  "id": "OPT.COBOL.RG_COBOL.CWSV",
  "name": "Avoid entries in WORKING-STORAGE SECTION without initial value",
  "severity": "MEDIUM",
  "category": "Other",
  "language": [
    "COBOL"
  ],
  "cwe": [],
  "description": "OPT.COBOL.RG_COBOL.CWSV",
  "risk": "{{#paragraph}}Each entry in WORKING-STORAGE SECTION must be given an initial value (VALUE clause).\n\nOnly entries without children will be checked, as group entries are considered having initial value when all their\nchildren entries have initial value. FILLER entries must have initial value as well.\n\nRule controls the following exceptions:\n- If a group data entry has initial value, its children do not need explicit initial value.\n- REDEFINES/EXTERNAL entries or subentries should not have VALUE clause.\n- 66 RENAMES entries should not have VALUE clause.\n\nThis rule is restrictive, but ensures that all data entries in WORKING-STORAGE have initial value.\n{{/paragraph}}\n",
  "issue": null,
  "advice": null,
  "vendor": "kiuwan"
}