{
  "id": "OPT.PHP.HardcodedCryptoKey",
  "name": "Hardcoded Crypto Key",
  "severity": "HIGH",
  "category": "Encryption and randomness",
  "language": [
    "PHP"
  ],
  "cwe": [
    "https://cwe.mitre.org/data/definitions/321.html"
  ],
  "description": "OPT.PHP.HardcodedCryptoKey",
  "risk": "{{#paragraph}}\nNever hard-code cryptographic keys (or passwords used to generate them) in your program.\n\nCrypto keys are used for encryption/decryption, for generation of message authentication codes (MAC), during generation\nof password-based encryption keys (the password is the \"crypto key\" that generates key material for the cipher), and other usages.\nSource code is the worst place for key storage, as any change in keys needs recompilation, and it is easy to reverse-engineer\nan application binary to learn any keys or secrets that may be embedded in it.\n\nInstead, store crypto keys in some private location. For non-critical web applications, a file with proper permissions,\nout of the resources served by the web application, could be enough for storing cryptographic keys.\nA crypto key should not be stored in configuration files, in general.\n\nSome data used in cryptographic operations (like initial vector for block ciphers, salt for password hashes, etc.)\nare not \"private\", and it is recommended to generate a good random instance at the origin, and add it to the message\nin plaintext, so the destination may use it. The security depends on properly protecting the \"secret\" thing\n(private key in a public/private keypair, encryption key in a symmetric cipher, key in an HMAC, etc.).\n\nLong-term cryptographic keys (in contrast with ephemeral ones), are better stored in a safe key storage.\nPrivate keys in a public/private keypair should NEVER be unprotected (in raw form) and they should be stored in an even\nsafer key storage (the impact for a compromise of a private key is typically huge and brutal). For highly sensitive keys,\na hardware security module, where the key is generated by the hardware and the private/symmetric key never leaves the\nhardware is a good alternative.\n{{/paragraph}}\n",
  "issue": null,
  "advice": null,
  "vendor": "kiuwan"
}