{
  "id": "OPT.CPP.SEC.NoSQLInjection",
  "name": "No SQL Injection",
  "severity": "CRITICAL",
  "category": "Injection",
  "language": [
    "CPP"
  ],
  "cwe": [
    "http://cwe.mitre.org/data/definitions/943.html"
  ],
  "description": "OPT.CPP.SEC.NoSQLInjection",
  "risk": "{{#paragraph}}\nThe application generates a query intended to access or manipulate data in a data store such as a NoSQL database,\nbut it does not neutralize or incorrectly neutralizes special elements that can modify the intended logic of the query.\n\nDepending on the capabilities of the query language, an attacker could inject additional login into the query to:\n- Modify the intended selection criteria, thus changing which data entities (e.g., records) are returned, modified, or otherwise manipulated.\n- Append additional commands to the query.\n- Return more or fewer entities than intended.\n- Cause entities to be sorted in an unexpected way.\n{{/paragraph}}\n",
  "issue": null,
  "advice": null,
  "vendor": "kiuwan"
}