{
  "id": "OPT.JAVASCRIPT.AvoidWebSQL",
  "name": "Avoid Web SQL",
  "severity": "HIGH",
  "category": "Information leaks",
  "language": [
    "JAVASCRIPT"
  ],
  "cwe": [],
  "description": "OPT.JAVASCRIPT.AvoidWebSQL",
  "risk": "{{#paragraph}}\nThe Web SQL standard provides a mechanism for access to an SQL database (often SQLite) from browsers.\n\nInitially formulated by W3C, it was implemented in some browsers (WebKit variants, like Safari, Chrome and Opera),\nbut it was later deprecated by W3C.\n\nAs it is not supported by common browsers (like Microsoft's IE / Edge or Firefox), using it may compromise portability,\nunless your code has a \"database wrapping\" layer that uses the alternatives (Web Storage, IndexedDB) when WebSQL is\nnot available. LocalForage is a polyfill for this, resulting in a key/value store.\n\nNote: The portability issue may have less impact in mobile-oriented apps, as Chrome in Android or Safari in iOS have support for Web SQL.\nSo you may disable this rule if you do not care.\n\nIn addition, Web SQL API for persistent databases have security concerns: as no application-related access control is imposed,\nan attacker needs to know only the database name your application is using to access it.\n\nThe rule emits a (single) violation on the first WebSQL usage found in each source file.\n{{/paragraph}}\n",
  "issue": null,
  "advice": null,
  "vendor": "kiuwan"
}