{
  "id": "OPT.COBOL.MAN_COBOL.AvoidProceduralCopybook",
  "name": "Avoid Procedural Copybook",
  "severity": "MEDIUM",
  "category": "Other",
  "language": [
    "COBOL"
  ],
  "cwe": [],
  "description": "OPT.COBOL.MAN_COBOL.AvoidProceduralCopybook",
  "risk": "{{#paragraph}}A change in a procedural copybook may raise issues when including programs are recompiled.\nIf the included code is large, for example with copybooks holding common utility procedures, unused\ncode may be included, increasing program size if compiler does not remove such unused code.\n\nIt is considered a bad practice to include procedural code in a Cobol program using COPY (or EXEC SQL INCLUDE) in the PROCEDURE DIVISION.\nInstead, convert procedures (sections or paragraphs) to subroutines, and replace local calls (PERFORM) to equivalent routine calls (CALL),\nfor increased modularity.\n{{/paragraph}}\n",
  "issue": null,
  "advice": null,
  "vendor": "kiuwan"
}