{
  "id": "OPT.C.MISRAC.IntegerImplicitConversions",
  "name": "Integer Implicit Conversions",
  "severity": "MEDIUM",
  "category": "Number handling",
  "language": [
    "C"
  ],
  "cwe": [
    "http://cwe.mitre.org/data/definitions/681.html"
  ],
  "description": "OPT.C.MISRAC.IntegerImplicitConversions",
  "risk": "{{#paragraph}}\nThe rule checks that no illegal implicit conversions take place on integers.\n\nThe only allowed conversions are:\n- A conversion to a wider integer type of the same signedness.\n- A constant expression used as function call argument, or in return (signedness must match).\n\nSpecifically, the following implicit conversions are forbidden: - Any implicit conversion between signed and unsigned types.\n- Any conversion between integer and floating types.\n- Any implicit conversion from wider to narrower types.\n- Any implicit conversion of function arguments.\n- Any implicit conversion of function return expressions to the function return type.\n- Any implicit conversions of complex expressions.\n- Any implicit conversion between switch expression and each case constant.\n\nThe rule detects dangerous implicit conversions between integer types. See code example for more details.\n{{/paragraph}}\n",
  "issue": null,
  "advice": null,
  "vendor": "kiuwan"
}