{
  "id": "OPT.PYTHON.SECURITY.CookiePoisoning",
  "name": "Cookie Poisoning",
  "severity": "HIGH",
  "category": "Injection",
  "language": [
    "PYTHON"
  ],
  "cwe": [],
  "description": "OPT.PYTHON.SECURITY.CookiePoisoning",
  "risk": "{{#paragraph}}\nThe application does not prevent malicious input from being inserted into application cookies.\n\nIf an attacker may insert an attack payload that is stored as part of a browser cookie,\nthat payload may be accepted as legitimate by the application.\n\nThe poisoned cookie can be used to bypass security controls, change user preferences, perform unintended actions\nwith logged user identity, etc.\n\nIn addition, as the cookie typically is coded in the response message in the 'Set-Cookie' HTTP header,\nby inserting CR/LR characters, an attacker may also launch a header manipulation attack.\n{{/paragraph}}\n",
  "issue": null,
  "advice": null,
  "vendor": "kiuwan"
}