{
  "id": "OPT.PYTHON.SECURITY.TrustBoundary",
  "name": "Trust Boundary",
  "severity": "HIGH",
  "category": "Injection",
  "language": [
    "PYTHON"
  ],
  "cwe": [
    "http://cwe.mitre.org/data/definitions/501.html"
  ],
  "description": "OPT.PYTHON.SECURITY.TrustBoundary",
  "risk": "{{#paragraph}}The product mixes trusted and untrusted data in the same data structure or structured message.\n\nA trust boundary violation occurs when a program blurs the line between what is trusted and what is untrusted.\nBy combining trusted and untrusted data in the same data structure, it becomes easier for programmers\nto mistakenly trust unvalidated data. This violation may open attack avenues, like injection attacks,\nwhen the application takes untrusted data from the trusted domain without validation.\n\nWhen untrusted external input (e.g. input HTTP message contents) is set as session or web application attributes,\nwithout proper validation / neutralization, the check emits a violation.\n{{/paragraph}}\n",
  "issue": null,
  "advice": null,
  "vendor": "kiuwan"
}