{
  "id": "OPT.COBOL.SEC.WeakCryptoHash",
  "name": "Weak Crypto Hash",
  "severity": "HIGH",
  "category": "Encryption and randomness",
  "language": [
    "COBOL"
  ],
  "cwe": [
    "http://cwe.mitre.org/data/definitions/328.html"
  ],
  "description": "OPT.COBOL.SEC.WeakCryptoHash",
  "risk": "{{#paragraph}}Weak cryptographic hashes cannot guarantee data integrity and should not be used in security-critical contexts.\n\nAs an example, MD5 and SHA-1 are popular cryptographic hash algorithms often used to verify the integrity of messages and other data.\nRecent advances in cryptanalysis have discovered weaknesses in both algorithms. Consequently, MD5 and SHA-1 should no longer be relied upon to verify the authenticity of data in security-critical contexts.\nTechniques for breaking MD5 hashes are advanced and widely available enough that the algorithm must not be relied upon for security.\nIn the case of SHA-1, current techniques still require a significant amount of computational power and are more difficult to implement.\nHowever, attackers have found the Achilles' heel for the algorithm, and techniques for breaking it will likely lead to the discovery of even faster attacks.\n\nThe rule checks if the cryptographic hash algorithm used is one of the allowed ones, emitting a violation if not.\nThe 'allowed' property contains the list of hash algoritms considered safe by the rule.\n\nThe rule supports the following Cryptographic APIs:\n- IBM ICSF (Integrated Cyrptographic Service Facility) for z/OS.\n- iSeries Cryptographic Services API.\nconsidering the API operations (one-way hash, HMAC generation and verification) that use cryptographic hash functions.\n{{/paragraph}}\n",
  "issue": null,
  "advice": null,
  "vendor": "kiuwan"
}