{
  "id": "OPT.C.SEC.AnonymousLdapBind",
  "name": "Anonymous Ldap Bind",
  "severity": "CRITICAL",
  "category": "Permissions, privileges and access controls",
  "language": [
    "C"
  ],
  "cwe": [
    "http://cwe.mitre.org/data/definitions/285.html"
  ],
  "description": "OPT.C.SEC.AnonymousLdapBind",
  "risk": "{{#paragraph}}\nWithout proper access control, executing an LDAP statement that contains a user-controlled value can allow an attacker\nto access unauthorized records.\n\nExecuting LDAP queries under an anonymous bind, effectively without authentication, can allow an attacker to abuse a\npoorly configured LDAP environment.\n{{/paragraph}}\n",
  "issue": null,
  "advice": null,
  "vendor": "kiuwan"
}