{
  "id": "OPT.KOTLIN.UnusedFunctionParameter",
  "name": "Unused Function Parameter",
  "severity": "LOW",
  "category": "Other",
  "language": [
    "KOTLIN"
  ],
  "cwe": [],
  "description": "OPT.KOTLIN.UnusedFunctionParameter",
  "risk": "{{#paragraph}}\nUnused parameters are misleading for the caller.\nWhatever the values passed to such parameters, the behavior will be the same.\n\nThis rule checks for unused parameters in functions (methods, constructors,...).\n\nPrimary constructor parameters are ignored by the rule (they act as class properties and are used implicitely).\n\nThe main() function, when using an argument, is not considered (Kotlin 1.3 allows for parameter-less main,\nwhich is recommended when the args parameter is not used).\n\nOverridable and override functions are ignored, as the signature cannot be changed without affecting classes in the\ninheritance hierarchy (the signature cannot be changed and parameters could be unused).\n\nFor lambda literals, use the underscore (_) for parameters not used in the lambda body.\n{{/paragraph}}\n",
  "issue": null,
  "advice": null,
  "vendor": "kiuwan"
}