{
  "id": "OPT.JAVA.COND.AvoidShortIfElse",
  "name": "Avoid Short If Else",
  "severity": "NOTE",
  "category": "Other",
  "language": [
    "JAVA"
  ],
  "cwe": [],
  "description": "OPT.JAVA.COND.AvoidShortIfElse",
  "risk": "{{#paragraph}}The use of an if / else instead of a ternary makes the code longer than necessary. A ternary operator produces a more compact code, while retaining the clarity of the if / else statement.\n{{/paragraph}}\n",
  "issue": null,
  "advice": null,
  "vendor": "kiuwan"
}