{
  "id": "OPT.JAVA.SEC_JAVA.ResourceInjection",
  "name": "Resource Injection",
  "severity": "HIGH",
  "category": "Injection",
  "language": [
    "JAVA"
  ],
  "cwe": [],
  "description": "OPT.JAVA.SEC_JAVA.ResourceInjection",
  "risk": "{{#paragraph}}\nSoftware takes from an untrusted source the identifier for a system resource (like a port number),\nand allows access to a non-expected resource. Attackers may use the flaw for malicious behaviour,\nfor example a port scan, change software configuration, transmit sensitive information to a third-party server,\netc.\n\nOWASP project uses the term \"Insecure Direct Object Reference\" instead of \"Resource Injection\".\n\nNote: Please note that other rules may check injection flaws for specific resources (like Path Traversal rule for filesytem resources,\nor SSRF for network addresses). This rule reports injection flaws on resource identifiers not covered by other rules.\n{{/paragraph}}\n",
  "issue": null,
  "advice": null,
  "vendor": "kiuwan"
}