{
  "id": "OPT.ABAP.APBR.NoControlBreakWithinLoopAtWhere",
  "name": "No Control Break Within Loop At Where",
  "severity": "HIGH",
  "category": "Other",
  "language": [
    "ABAP"
  ],
  "cwe": [],
  "description": "OPT.ABAP.APBR.NoControlBreakWithinLoopAtWhere",
  "risk": "{{#paragraph}}\nIf an internal table is processed only in a restricted form (using the additions FROM, TO and/or WHERE with the LOOP AT statement),\nyou should not use the blocks (AT FIRST | AT NEW | AT END | AT LAST ... ENDAT) for control level processing,\nbecause the interaction of a restricted LOOP with the control-level processing blocks AT ... ENDAT is currenly not properly defined.\n\nNote: Under ABAP 7.5.0 or later, the new group processing facilities are recommended: GROUP BY addition, and LOOP AT GROUP blocks,\nas grouping does not depend on row structure and ordering or row processing order. That avoids problems with filtering additions\nWHERE/FROM/TO and the old control-level processing blocks AT ... ENDAT.\n{{/paragraph}}\n",
  "issue": null,
  "advice": null,
  "vendor": "kiuwan"
}