{
  "id": "OPT.C.CERTC.ARR35",
  "name": "Allowing loops to iterate beyond the end of an array",
  "severity": "MEDIUM",
  "category": "Buffer handling",
  "language": [
    "C"
  ],
  "cwe": [
    "https://cwe.mitre.org/data/definitions/119.html",
    "https://cwe.mitre.org/data/definitions/131.html"
  ],
  "description": "OPT.C.CERTC.ARR35",
  "risk": "{{#paragraph}}Loops are frequently used to traverse arrays to find the position of a particular element.\nThese loops may read or write memory as they traverse the array or use the position of an element, once discovered, to perform a copy or similar operation. Consequently, when searching an array for a particular element, it is critical that the element be found in the bounds of the array or that the iteration be otherwise limited to prevent the reading or writing of data outside the bounds of the array.\n\nThis rule is a generalization of STR32-C, \"Null-terminate byte strings as required\".\nSTR32-C requires that byte strings be null-terminated, within the memory allocated for the string, in situations where the termination of a loop depends on the existence of a null termination character.\nThis issue is a special case of a more general problem, where the termination condition of a loop depends on locating a particular element before the end of the array.\nFailure to locate this element can result in a buffer overflow or a buffer overrun.\n{{/paragraph}}\n",
  "issue": null,
  "advice": null,
  "vendor": "kiuwan"
}