{
  "id": "OPT.JAVASCRIPT.TYPESCRIPT.ANGULAR.UseOutputDecorator",
  "name": "Use Output Decorator",
  "severity": "HIGH",
  "category": "Other",
  "language": [
    "JAVASCRIPT"
  ],
  "cwe": [],
  "description": "OPT.JAVASCRIPT.TYPESCRIPT.ANGULAR.UseOutputDecorator",
  "risk": "{{#paragraph}}\nUsing the @Output decorator instead of the outputs metadata property from the @Directive and @Component decorators is\nconsidered a good programming practice.\n\nThe reason is simple, when the outputs property associated with the @Output decorators need to be modified, then it's enough\nwith modifying the directive class. However when the outputs metadata property from the @Directive and @Component is used\nthen not only the directive class need to be modified but also the property.\n{{/paragraph}}\n",
  "issue": null,
  "advice": null,
  "vendor": "kiuwan"
}