{
  "id": "OPT.KOTLIN.SEC.OpenRedirect",
  "name": "Open Redirect",
  "severity": "HIGH",
  "category": "Injection",
  "language": [
    "KOTLIN"
  ],
  "cwe": [
    "http://cwe.mitre.org/data/definitions/601.html"
  ],
  "description": "OPT.KOTLIN.SEC.OpenRedirect",
  "risk": "{{#paragraph}}A web application accepts a user-controlled input that specifies a link to an external site, and uses that link in a redirect.\nThis is client-side redirect, either by setting the Location header or by calling HttpServletResponse sendRedirect() method.\n\nIf the redirect URL is user-controlled (e.g. fetched from HTTP request parameter), an attacker may force an user to\nprovide a malicious URL encoded in a link to the vulnerable resource. The browser will redirect to the malicious URL,\nand the attacker may deceive the victim user for phising or other malicious activities.\n\nThe rule checks for client-side redirections in server-side code, using servlet API. Redirections based on HTTP\nheaders \"Location\" and \"Refresh\" are also checked.\n{{/paragraph}}\n",
  "issue": null,
  "advice": null,
  "vendor": "kiuwan"
}