{
  "id": "OPT.PHP.VariableInitialization",
  "name": "Variable Initialization",
  "severity": "MEDIUM",
  "category": "Initialization and shutdown",
  "language": [
    "PHP"
  ],
  "cwe": [],
  "description": "OPT.PHP.VariableInitialization",
  "risk": "{{#paragraph}}Relying on the default value of an uninitialized variable is problematic in the case of including one file into another which uses the same variable name. It is also a major security risk with register_globals turned on. \n        E_NOTICE level error is issued in case of working with uninitialized variables, however not in the case of appending elements to the uninitialized array. isset() language construct can be used to detect if a variable has been already initialized.\n{{/paragraph}}\n",
  "issue": null,
  "advice": null,
  "vendor": "kiuwan"
}