{
  "id": "OPT.C.SEC.ProcessControl",
  "name": "Process Control",
  "severity": "CRITICAL",
  "category": "Injection",
  "language": [
    "C"
  ],
  "cwe": [
    "http://cwe.mitre.org/data/definitions/114.html"
  ],
  "description": "OPT.C.SEC.ProcessControl",
  "risk": "{{#paragraph}}\nLoading libraries or executables from an untrusted source or in an untrusted environment can cause an application\nto execute malicious code on behalf of an attacker.\n\nSometimes a developed or third-party library needs to be be run during application execution. For example, System.AppDomain type provides\nmethods for running libraries or for loading types from a library. If the path to the library depends on external untrusted input,\nfor example configuration entries, an attacker that could modify the external input could manage to execute uninteded code,\nwith the privileges of the application.\n{{/paragraph}}\n",
  "issue": null,
  "advice": null,
  "vendor": "kiuwan"
}