{
  "id": "OPT.PHP.SEC.MailCommandInjection",
  "name": "Mail Command Injection",
  "severity": "CRITICAL",
  "category": "Injection",
  "language": [
    "PHP"
  ],
  "cwe": [],
  "description": "OPT.PHP.SEC.MailCommandInjection",
  "risk": "{{#paragraph}}Mail command injection vulnerabilities occur when an attacker can influence the commands sent to an SMTP, POP3, or IMAP mail server.\nIf the library or the developer fails to safely encode the line breaks, an attacker controlling any of the arguments for these commands\nwill be able to inject line breaks and new commands after them.\n\nAs line breaks are the usual mechanism that attackers use to change the expected behaviour, this vulnerability\nis considered a special CRLF Injection attack.\n\nWhat the attacker may launch by exploting a Mail Command Injection vulnerability include:\n- Generate spam (SMTP). The application acts as a \"mail proxy\" that attackers may use to create spam messages.\n- Read messages from other users (POP3/IMAP).\n- Abusing a trusted server to send HTML emails with malicious contents.\n- Change authentication or security options, to skip security controls in mail servers.\n\nSee \"MX Injection: Capturing and Exploiting Hidden Mail Servers\", from Vicente Aguilera, for a full description on\nthe benefits that an attacker may gain.\n\nThe rule checks when vulnerable mail libraries are called with untrusted input, without validation, which might be vulnerable\nto Mail Command Injection attacks.\n{{/paragraph}}\n",
  "issue": null,
  "advice": null,
  "vendor": "kiuwan"
}