{
  "id": "OPT.CSHARP.CommandInjection",
  "name": "Command Injection",
  "severity": "CRITICAL",
  "category": "Injection",
  "language": [
    "DOTNET"
  ],
  "cwe": [
    "http://cwe.mitre.org/data/definitions/78.html"
  ],
  "description": "OPT.CSHARP.CommandInjection",
  "risk": "{{#paragraph}}The software constructs all or part of an operating system (OS) command using externally-controlled input, but it does not neutralize properly that input that could modify the intended command when it is sent to a function that executes the command (e.g. exec(), system(), or the backtick operator).\n\nThe rule detects a path in code between an user-input statement (source) and a command execution call (sink), with command depending on non neutralized input. This allows for an attacker to change the intended command to execute or to add a malicious extra command, executed with the application rights.\n\nA neutralization function either validates inputs and report an (neutral) error without allowing command execution, or replaces sensitive shell characters in the input to avoid that the resulting command has different semantics.\nIf possible, use \"accept known good\" input validation strategy (whitelist).\n\nFirst, ask yourself if you really need to execute OS commands. Most operating system operations can be performed using .NET framework.\n{{/paragraph}}\n",
  "issue": null,
  "advice": null,
  "vendor": "kiuwan"
}