{
  "id": "OPT.C.SEC.ResourceInjection",
  "name": "Resource Injection",
  "severity": "HIGH",
  "category": "Injection",
  "language": [
    "C"
  ],
  "cwe": [],
  "description": "OPT.C.SEC.ResourceInjection",
  "risk": "{{#paragraph}}\nSoftware takes from an untrusted source the identifier for a system resource (like a port number),\nand allows access to a non-expected resource. Attackers may use the flaw for malicious behaviour,\nfor example a port scan, change software configuration, transmit sensitive information to a third-party server,\netc.\n\nThis vulnerability is also known as \"Insecure Direct Object Reference\" instead of \"Resource Injection\".\n\nNote: Please note that other rules may check injection flaws for specific resources (like Path Traversal rule for\nfilesystem resources, or SSRF for network addresses). This rule reports injection flaws on resource identifiers not\ncovered by other rules.\n{{/paragraph}}\n",
  "issue": null,
  "advice": null,
  "vendor": "kiuwan"
}