{
  "id": "OPT.C.SEC.DoSRegexp",
  "name": "DoS Regexp",
  "severity": "CRITICAL",
  "category": "Injection",
  "language": [
    "C"
  ],
  "cwe": [
    "https://cwe.mitre.org/data/definitions/400.html"
  ],
  "description": "OPT.C.SEC.DoSRegexp",
  "risk": "{{#paragraph}}\nRegular expressions are a formal language for identifying strings of text, parsing, and matching them.\n\nMost regular expressions engines are built over a non-deterministic Finite Automaton (NFA). They use backtracking and,\nwhile these regular expression engines can quickly confirm a positive match, confirming a negative match can take much more longer.\n\nThere are lots of well-known regular expression patterns that, using selected inputs, take a time exponentially related to input size.\n\nAn attacker with total or partial control over a regular expression may carry out a denial-of-service attacks.\n{{/paragraph}}\n",
  "issue": null,
  "advice": null,
  "vendor": "kiuwan"
}