{
  "id": "OPT.JAVASCRIPT.ERRORCOMUN.AvoidForWithExternalControlVars",
  "name": "Avoid For With External Control Vars",
  "severity": "MEDIUM",
  "category": "Control flow management",
  "language": [
    "JAVASCRIPT"
  ],
  "cwe": [],
  "description": "OPT.JAVASCRIPT.ERRORCOMUN.AvoidForWithExternalControlVars",
  "risk": "{{#paragraph}}Variables in JS either have global scope or function scope, and using the 'var' keyword is vital to avoid unintended 'side-effects'.\nWhen declaring a 'for' loop control variable, always do it using for(var ...;...;...).\nThe code example below highlights the potential problem caused by following this bad programming practice.\n{{/paragraph}}\n",
  "issue": null,
  "advice": null,
  "vendor": "kiuwan"
}