{
  "id": "OPT.PYTHON.RELIABILITY.RedefinitionIntoListComprehension",
  "name": "Redefinition Into List Comprehension",
  "severity": "MEDIUM",
  "category": "Other",
  "language": [
    "PYTHON"
  ],
  "cwe": [],
  "description": "OPT.PYTHON.RELIABILITY.RedefinitionIntoListComprehension",
  "risk": "{{#paragraph}}List comprehensions uses names to perform some type of operation. In Python 2When these \nnames already exist into the parent scope, they are used as the operation arguments.\n\nThis behaviour is considered a \"dirty little secret\" by the creator of Python, and was fixed on Python 3.\n\nFollowing this bad practice can lead to unexpected errors because usually that's not the desirable behaviour from the list \ncomprehension.\n\nThis rule reports violation when a name is redefined into a list comprehension.\n\nNOTE: This rule only should be applyed to Python 2, and must be kept disabled for Python 3.\n{{/paragraph}}\n",
  "issue": null,
  "advice": null,
  "vendor": "kiuwan"
}