{
  "id": "OPT.JAVA.SEC_JAVA.SqlInjectionRule",
  "name": "SQL Injection Rule",
  "severity": "CRITICAL",
  "category": "Injection",
  "language": [
    "JAVA"
  ],
  "cwe": [
    "http://cwe.mitre.org/data/definitions/89.html",
    "https://cwe.mitre.org/data/definitions/564.html"
  ],
  "description": "OPT.JAVA.SEC_JAVA.SqlInjectionRule",
  "risk": "{{#paragraph}}The software constructs all or part of an SQL command using externally-controlled input, but it does not neutralize\nproperly that input that could modify the intended SQL command when it is sent to a database interaction method\n(e.g. JDBC).\n\nThe rule detects a path in code between an user-input statement (source) and a database call (sink), with SQL sentence depending on\nnon neutralized input.\n\nIt must be known that if SQL does not depend on user-controlled input (e.g. Parametrized SQL), there is no possibility for an SQL injection.\n\nNote: Using stored procedures in database operations does NOT prevent SQL injection if, for example, the SQL to send\nto the database for execution of the stored procedure is composed by concatenating non properly neutralized user input.\nThe ways to avoid SQL injection are:\n\n1) Use parametrized SQL, so SQL code and parameters are not mixed (no parameter could change the semantic of the SQL)\n\n2) If SQL code must depend on user input (e.g. to build 'dynamic' WHERE clauses), even with prepared statements,\n   all user-controlled inputs used to compose such \"dynamic\" SQL should be neutralized.\n\nA neutralization function either validates inputs and report an (neutral) error without allowing SQL execution, or\nreplaces sensitive SQL characters in the input to avoid that the resulting SQL has different semantics.\n\nIt is recommended to use parametrized SQL (when possible).\n\nThe rule supports different database persistence libraries/frameworks, like JDBC, Hibernate, Java Persistence API (JPA),\nJDO, or Spring.\n{{/paragraph}}\n",
  "issue": null,
  "advice": null,
  "vendor": "kiuwan"
}