{
  "id": "OPT.VBNET.TransparencyAnnotationsShouldNotConflict",
  "name": "Transparency Annotations Should Not Conflict",
  "severity": "MEDIUM",
  "category": "Information leaks",
  "language": [
    "VBNET"
  ],
  "cwe": [],
  "description": "OPT.VBNET.TransparencyAnnotationsShouldNotConflict",
  "risk": "{{#paragraph}}The security attributes of the elements should not be different from the security attribute of the element that contains them.\n{{/paragraph}}\n",
  "issue": null,
  "advice": null,
  "vendor": "kiuwan"
}