{
  "id": "OPT.HTML.AvoidInlineStyles",
  "name": "Avoid Inline Styles",
  "severity": "MEDIUM",
  "category": "Other",
  "language": [
    "HTML"
  ],
  "cwe": [],
  "description": "OPT.HTML.AvoidInlineStyles",
  "risk": "{{#paragraph}}\nHtml allows inline style declarations like:\n<h1 style=\"color:blue;\">This is an inline comment</h1>.\n\nHowever this is not a good practice, so a CSS style sheet should be used instead, because external style sheets:\n- Separate design elements from content.\n- Facilitate maintainability.\n- May improve accessibility, allowing for people with disabilities to use customized style sheets.\n  Elements with a style attribute may interfere with such style sheets.\n- Produce smaller HTML code and less network traffic.\n{{/paragraph}}\n",
  "issue": null,
  "advice": null,
  "vendor": "kiuwan"
}