{
  "id": "OPT.KOTLIN.SEC.NativeCodeExposed",
  "name": "Native Code Exposed",
  "severity": "CRITICAL",
  "category": "Design error",
  "language": [
    "KOTLIN"
  ],
  "cwe": [
    "http://cwe.mitre.org/data/definitions/111.html"
  ],
  "description": "OPT.KOTLIN.SEC.NativeCodeExposed",
  "risk": "{{#paragraph}}\nKotlin code declares an access to external (typically native) code.\nWhen such external code is called, bugs on it may be exploited, leading to\nbuffer overflow, denial-of-service, information leakage, and other conditions.\n\nWhen Kotlin runs under the JVM, the rule forbids declaring hooks to external code,\ntypically compiled under the Java Native Interface.\n\nNote: Kotlin/Native (compiling Kotlin code to native using a LLVM backend, for platforms\nwhere virtual machines are not available, like embedded or iOS devices) is not forbidden\nby the rules, as well as external code available in JavaScript that is referenced in\nKotlin code later transpiled to JavaScript.\n{{/paragraph}}\n",
  "issue": null,
  "advice": null,
  "vendor": "kiuwan"
}