{
  "id": "OPT.ABAP.RELIABILITY.UncaughtExceptionInRfcCall",
  "name": "Uncaught Exception In Rfc Call",
  "severity": "HIGH",
  "category": "Error handling and fault isolation",
  "language": [
    "ABAP"
  ],
  "cwe": [
    "http://cwe.mitre.org/data/definitions/391.html"
  ],
  "description": "OPT.ABAP.RELIABILITY.UncaughtExceptionInRfcCall",
  "risk": "{{#paragraph}}\nIn remote function calls (RFC), the special exceptions COMMUNICATION_FAILURE and SYSTEM_FAILURE may be reported\nby SAP when there are problems with the RFC connection to the remote SAP system.\n\nIt is necessary to check for these exceptions for every RFC call (CALL FUNCTION ... DESTINATION ...), even\nwhen the called function module uses the modern class-based exceptions.\n\nSYSTEM_FAILURE is triggered if the target server crashes. COMMUNICATION_FAILURE is triggered if there is a connection\nor communication problem. In both cases, the optional addition MESSAGE could be used to receive a description of the error.\n\nUnhandled exceptions will likely result in unexpected program state, data inconsistencies and other effects,\nas the call failure will not be detected.\n\nNote: If the 'catch-all' OTHERS exception is declared in the call, the violation emitted will be informative,\nas this is not the recommended way to handle RFC system errors.\n{{/paragraph}}\n",
  "issue": null,
  "advice": null,
  "vendor": "kiuwan"
}