{
  "id": "OPT.PHP.AvoidLargeMethods",
  "name": "Avoid Large Methods",
  "severity": "MEDIUM",
  "category": "Other",
  "language": [
    "PHP"
  ],
  "cwe": [],
  "description": "OPT.PHP.AvoidLargeMethods",
  "risk": "{{#paragraph}}Avoid very large functions or methods, for easier to maintain code.\nSpecify the maximum number of lines in the 'numLines' property.\n\nNOTE: line counting starts at the beginning of the function declaration, and ends at the last line of the last statement in body.\n{{/paragraph}}\n",
  "issue": null,
  "advice": null,
  "vendor": "kiuwan"
}