{
  "id": "OPT.ABAP.RELIABILITY.DeleteFromTableWithoutWhere",
  "name": "Delete From Table Without Where",
  "severity": "HIGH",
  "category": "Other",
  "language": [
    "ABAP"
  ],
  "cwe": [],
  "description": "OPT.ABAP.RELIABILITY.DeleteFromTableWithoutWhere",
  "risk": "{{#paragraph}}\nExecuting a \"DELETE FROM dbtable\" statement without WHERE condition will delete all rows in a table.\nThis probably is not intended. The rule reports such statements, as they probably correspond to a logical flaw.\n{{/paragraph}}\n",
  "issue": null,
  "advice": null,
  "vendor": "kiuwan"
}