{
  "id": "OPT.JAVA.EXCP.ExceptionsInThrows",
  "name": "Exceptions In Throws",
  "severity": "MEDIUM",
  "category": "Other",
  "language": [
    "JAVA"
  ],
  "cwe": [],
  "description": "OPT.JAVA.EXCP.ExceptionsInThrows",
  "risk": "{{#paragraph}}\nFor clarity, it is recommended to maintain an specific list of exceptions thrown in the throws clause.\nThe java.lang.Exception type is too generic and should not be thrown in general.\n\nNote: Methods with @Overrides are ignored, as the overriding method may not change the throws signature of its ancestor.\n{{/paragraph}}\n",
  "issue": null,
  "advice": null,
  "vendor": "kiuwan"
}