{
  "id": "OPT.PYTHON.RELIABILITY.DuplicatedFieldNameWithClass",
  "name": "Duplicated Field Name With Class",
  "severity": "MEDIUM",
  "category": "Other",
  "language": [
    "PYTHON"
  ],
  "cwe": [],
  "description": "OPT.PYTHON.RELIABILITY.DuplicatedFieldNameWithClass",
  "risk": "{{#paragraph}}Using the same name than the container class name when you are declaring an attribute could lead to make mistakes in invocations,\nas well as a very confused code. There being infinite combinations of character to former an identifier, it's difficult to justify the necessity of using\nthe container class name for an attribute identifier.\n{{/paragraph}}\n",
  "issue": null,
  "advice": null,
  "vendor": "kiuwan"
}