{
  "id": "OPT.JAVA.SPRING.AvoidConstructorInjectionByName",
  "name": "Avoid Constructor Injection By Name",
  "severity": "MEDIUM",
  "category": "Other",
  "language": [
    "JAVA"
  ],
  "cwe": [],
  "description": "OPT.JAVA.SPRING.AvoidConstructorInjectionByName",
  "risk": "{{#paragraph}}Dependency injection (DI) is a software design pattern which allows a class to be less\ncoupled from the others, as it delegates on external code the responsibility of providing its dependencies, conforming\nto the dependency inversion principle.\n\nThe variants of dependency injection are:\n  - Setter-based dependency injection, where dependencies are established by calling the bean setter methods after\n  calling a empty constructor to instantiate it.\n\n  - Constructor-based dependency injection, where a constructor is invoked with as many arguments as dependencies it has.\n\nWhen using constructor-based dependency injection it is possible to reference the bean using the parameter name. However,\nto take advantage of this feature the code must be compiled with the debug flag enabled to allow Spring to look up the\nparameter name. This information is not into the JVM, so it must be loaded from disk leading to a very inefficient\nsituation due to the I/O operations involved.\n\nConstructor injection by name is considered a bad programming practice:\n  - Because when using third party software, the constructor arguments names from a used interface can be changed\n  leading the application to fail, as they will not match the ones specified into the descriptors.\n\n  - Because used in systems with the ability to rewrite class bytecode can lead to the same problem exposed above.\n{{/paragraph}}\n",
  "issue": null,
  "advice": null,
  "vendor": "kiuwan"
}