{
  "id": "OPT.ASP.ASP_DB.AvoidDataBaseAccess",
  "name": "Avoid Data Base Access",
  "severity": "MEDIUM",
  "category": "Other",
  "language": [
    "ASP"
  ],
  "cwe": [],
  "description": "OPT.ASP.ASP_DB.AvoidDataBaseAccess",
  "risk": "{{#paragraph}}Database access (ADO.DB) from ASP pages is not recommended. Such access should be done in specialized database components. NOTE: A single violation is emitted for each ASP page directly using ADO.DB for database operations.\n{{/paragraph}}\n",
  "issue": null,
  "advice": null,
  "vendor": "kiuwan"
}