{
  "id": "OPT.COBOL.COBBP.CloseStatementsWithNestedBody",
  "name": "Close Statements With Nested Body",
  "severity": "MEDIUM",
  "category": "Other",
  "language": [
    "COBOL"
  ],
  "cwe": [],
  "description": "OPT.COBOL.COBBP.CloseStatementsWithNestedBody",
  "risk": "{{#paragraph}}Different cobol statements may be closed by an explicit delimiter (END-IF for IF, END-EVALUATE with EVALUATE, END-ADD with ADD, etc.)\nWhen the statement may include a body with nested cobol statements, the rule will emit a violation if such END delimiter is not used\nto close the statement.\n\nIF and EVALUATE always must be closed with END-IF and END-EVALUATE, respectively.\n\nFor PERFORM, if the statements to execute are placed in the body of the PERFORM (like with loops), an END-PERFORM\nis mandatory. END-PERFORM is not needed for PERFORM on other procedures.\n\nFor the rest of statements checked by the rule, the END delimiter is only mandated when the statement has a clause\ncontaining a statements block. For example, ADD ... ON SIZE ERROR ..., READ ... AT END ..., etc.\n\nThis rule may replace other specific rules that demand end delimiter on certain statements, like IF (OPT.COBOL.COBBP.ISE),\nor EVALUATE (OPT.COBOL.FIA_COBOL.ObligatoryEndEvaluate).\n{{/paragraph}}\n",
  "issue": null,
  "advice": null,
  "vendor": "kiuwan"
}