{
  "id": "OPT.CSHARP.WeakEncryption",
  "name": "Weak Encryption",
  "severity": "HIGH",
  "category": "Encryption and randomness",
  "language": [
    "DOTNET"
  ],
  "cwe": [
    "http://cwe.mitre.org/data/definitions/325.html"
  ],
  "description": "OPT.CSHARP.WeakEncryption",
  "risk": "{{#paragraph}}\nAn otherwise strong RSA public-key algorithm is vulnerable to brute force attack when a small key size is used.\n\nCurrent cryptography guidelines suggest that key lengths of at least 1024 bits should be used with the RSA algorithm.\nHowever, increased computing power and advances in factoring techniques are challenging the security of RSA encryption,\nfor key lengths lower than 1024 bits.\n\nNote: Rule WeakKeySize generalizes this rule for key lengths under different ciphers and digital signature primitives.\n{{/paragraph}}\n",
  "issue": null,
  "advice": null,
  "vendor": "kiuwan"
}