{
  "id": "OPT.JAVA.RGP.DontUseKeywords",
  "name": "Dont Use Keywords",
  "severity": "CRITICAL",
  "category": "Other",
  "language": [
    "JAVA"
  ],
  "cwe": [],
  "description": "OPT.JAVA.RGP.DontUseKeywords",
  "risk": "{{#paragraph}}Do not use keywords in later versions of the language as identifiers.\n\nThe list of keywords is parameterizable.\nBy default it will be:\n- assert: included since 1.4 version\n- enum: included since 5.0 version\n- strictfp: included since 1.2 version\n\nNOTE: This rule applies to versions previous to Java 5.\n{{/paragraph}}\n",
  "issue": null,
  "advice": null,
  "vendor": "kiuwan"
}