{
  "id": "OPT.ABAP.APFR.AvoidDuplicateIncludesInPrograms",
  "name": "Avoid Duplicate Includes In Programs",
  "severity": "NOTE",
  "category": "Other",
  "language": [
    "ABAP"
  ],
  "cwe": [],
  "description": "OPT.ABAP.APFR.AvoidDuplicateIncludesInPrograms",
  "risk": "{{#paragraph}}\nInclude a code source (called \"included program\", IP from now) in a single main program (MP). Such IP should not be\nincluded in more MPs. As a consecuence, a program cannot include the same IP more than once.\n\nINCLUDE was used traditionally in ABAP as a mechanism for reusing type definitions, data declarations (typically, for global\ndata and shared structures), local classes to reuse along different class-pools, and procedure implementations (like\nfunction modules, methods or subroutines).\n\nIn fact, SAP recommends to use INCLUDE for decomposing large elements of source code (program, class pool, function groups...)\ninto smaller compilation units, easier to understand and edit.\n\nAt present time, SAP recommends to use global classes / interfaces as the primary mechanism for software modularisation,\nfor the reasons that follows:\n\n* Including a source file into multiple main programs may difficult maintainability, because each \"copy\" inserted in the\n  main program must be syntactically and logically correct. For large programs, this is not as easy as it seems.\n\n* If main programs with shared INCLUDEd programs are run at the same time, the same included program could be loaded in\n  the ABAP runtime, with increased memory consumption. Using classes / interfaces reduces the memory footprint in such\n  case (a global class or interface with a set of constants is loaded only once in memory).\n\n* INCLUDE is a mere code substitution,  without the semantics provided by other modularisation mechanisms, like function\n  groups, or classes / interfaces.\n\nThe rule restricts INCLUDE for an included program to appear in a single master program.\n{{/paragraph}}\n",
  "issue": null,
  "advice": null,
  "vendor": "kiuwan"
}