{
  "id": "OPT.JAVA.RGOR.AMCO",
  "name": "Avoid using repeated cast over the same object or variable (Max 3 cast of every type)",
  "severity": "HIGH",
  "category": "Other",
  "language": [
    "JAVA"
  ],
  "cwe": [],
  "description": "OPT.JAVA.RGOR.AMCO",
  "risk": "{{#paragraph}}Using the same cast many times over an object is not efficient.\nIf the operation is going to be repeated it should be convenient save the casting result in a temporal variable.\nFrom Java 5, there are generic types that reduce the need for cast.\n\nThe rule emits violations when the same cast is performed three or more times in a certain scope (method or constructor).\n{{/paragraph}}\n",
  "issue": null,
  "advice": null,
  "vendor": "kiuwan"
}