{
  "id": "OPT.CSHARP.Csharp.ExceptionConstructors",
  "name": "Exception Constructors",
  "severity": "MEDIUM",
  "category": "Other",
  "language": [
    "DOTNET"
  ],
  "cwe": [],
  "description": "OPT.CSHARP.Csharp.ExceptionConstructors",
  "risk": "{{#paragraph}}\nException types (for example, MyException) must implement the following constructors:\n- public MyException()\n- public MyException(string)\n- public MyException(string, Exception)\n- protected or private MyException(SerializationInfo, StreamingContext)\n\nFailure to provide the full set of constructors can make it difficult to correctly handle exceptions.\n\nFor example, the constructor that has the signature NewException(string, Exception) is used to create exceptions\nthat are caused by other exceptions. Without this constructor you cannot create and throw an instance of your custom exception\nthat contains an inner (nested) exception, which is what managed code should do in such a situation.\n\nNote: Microsoft recommends to implement also the serialization-support constructor.\nRule OPT.CSHARP.Csharp.ImplementStandardExceptionConstructors also checks such constructor.\n{{/paragraph}}\n",
  "issue": null,
  "advice": null,
  "vendor": "kiuwan"
}