{
  "id": "OPT.JAVA.DECLARA.DCTOR",
  "name": "Define a default constructor whenever possible",
  "severity": "MEDIUM",
  "category": "Other",
  "language": [
    "JAVA"
  ],
  "cwe": [],
  "description": "OPT.JAVA.DECLARA.DCTOR",
  "risk": "{{#paragraph}}Classes must have a constructor that takes no arguments (default constructor).\n\nNOTE: If a class does not define any constructor, compiler automatically adds a default one.\nNo violation is emitted for classes without constructors.\n\nDefault constructors allow dynamic instantiation (for example, in certain persistence or dependency injection frameworks).\nAdditionally, during Java serialization, even if a class is not serializable but it is extended by serializable classes,\nthe serialization system may need to invoke its default constructor.\n{{/paragraph}}\n",
  "issue": null,
  "advice": null,
  "vendor": "kiuwan"
}