{
  "id": "OPT.CSHARP.Csharp.PropertiesShouldNotBeWriteOnly",
  "name": "Properties Should Not Be Write Only",
  "severity": "MEDIUM",
  "category": "Other",
  "language": [
    "DOTNET"
  ],
  "cwe": [],
  "description": "OPT.CSHARP.Csharp.PropertiesShouldNotBeWriteOnly",
  "risk": "{{#paragraph}}\nThe public or protected property has a set accessor but does not have a get accessor.\n\nGet accessors provide read access to a property and set accessors provide write access.\nAlthough it is acceptable and often necessary to have a read-only property, the design guidelines prohibit the use of write-only properties.\nThis is because letting a user set a value and then preventing the user from viewing the value does not provide any security.\nAlso, without read access, the state of shared objects cannot be viewed, which limits their usefulness.\n{{/paragraph}}\n",
  "issue": null,
  "advice": null,
  "vendor": "kiuwan"
}