{
  "id": "OPT.C.MISRAC.ExplicitTypeForVarsFunctions",
  "name": "Explicit Type For Vars Functions",
  "severity": "HIGH",
  "category": "Other",
  "language": [
    "C"
  ],
  "cwe": [],
  "description": "OPT.C.MISRAC.ExplicitTypeForVarsFunctions",
  "risk": "{{#paragraph}}Type for objects (variable declarations) and functions must be stated explicitly.\nImplicit types for declarations that do not provide a type is implementation dependent.\n{{/paragraph}}\n",
  "issue": null,
  "advice": null,
  "vendor": "kiuwan"
}