{
  "id": "OPT.CSHARP.Csharp.AvoidComStaticMethods",
  "name": "Avoid Com Static Methods",
  "severity": "HIGH",
  "category": "Other",
  "language": [
    "DOTNET"
  ],
  "cwe": [],
  "description": "OPT.CSHARP.Csharp.AvoidComStaticMethods",
  "risk": "{{#paragraph}}\nA type that is specifically marked as visible to Component Object Model (COM) contains a public static method.\n\nThis rule emits a violation when a public static method, member of a type explicitely marked with [ComVisible(true)],\nis not marked [ComVisible(false)].\n\nBy default, the following are visible to COM: assemblies, public types, public instance members in public types,\nand all members of public value types.\n{{/paragraph}}\n",
  "issue": null,
  "advice": null,
  "vendor": "kiuwan"
}