{
  "id": "OPT.PYTHON.MAINTAINABILITY.MaximumModuleLines",
  "name": "Maximum Module Lines",
  "severity": "MEDIUM",
  "category": "Other",
  "language": [
    "PYTHON"
  ],
  "cwe": [],
  "description": "OPT.PYTHON.MAINTAINABILITY.MaximumModuleLines",
  "risk": "{{#paragraph}}Counts the lines per module. Long modules could be degrade the code maintainability and a sign of bad design.\nIt's important to evaluate either the module contains elements (classes, functions, and so on) not conceptually related or there is a necessity to refactor\nin order to get a simpler and cleaner code.\nThe maximum module lines is a customizable parameter and its default value is 1000.\n{{/paragraph}}\n",
  "issue": null,
  "advice": null,
  "vendor": "kiuwan"
}