{
  "id": "OPT.CSHARP.PathTraversal",
  "name": "Path Traversal",
  "severity": "CRITICAL",
  "category": "File handling",
  "language": [
    "DOTNET"
  ],
  "cwe": [
    "http://cwe.mitre.org/data/definitions/22.html",
    "http://cwe.mitre.org/data/definitions/73.html"
  ],
  "description": "OPT.CSHARP.PathTraversal",
  "risk": "{{#paragraph}}\nSoftware uses external input to construct a pathname that is intended to identify a file or directory\nthat is located underneath a restricted parent directory, but the software does not properly neutralize\nspecial elements within the pathname that can cause the pathname to resolve to a location outside the\nrestricted directory.\n\nIt the software does not restrict access to files outside certain restricted directories, the attacker may fetch\nsensitive files, and if the file is written with contents controlled by user input, the attacker may change\nconfiguration files (like Web.config among others), web contents ('web defacement'), or libraries\n(for more insidious code injection attacks).\n\nAccess to system files (like /etc/password in Unix/Linux systems) could also be allowed with account permissions\nfor the process running the software.\n{{/paragraph}}\n",
  "issue": null,
  "advice": null,
  "vendor": "kiuwan"
}