{
  "id": "OPT.PHP.HttpSplitting",
  "name": "Http Splitting",
  "severity": "CRITICAL",
  "category": "Injection",
  "language": [
    "PHP"
  ],
  "cwe": [
    "http://cwe.mitre.org/data/definitions/113.html"
  ],
  "description": "OPT.PHP.HttpSplitting",
  "risk": "{{#paragraph}}\nSoftware places user-controlled input in HTTP headers. An attacker could inject line separators (CR/LF sequences)\nthat could split the response message generated by the software into two messages. The second response is completely\nunder the control of the attacker (intermediate web proxies may cache it), with could produce multiple conditions\n(web defacement, cache poisoning, cross-site scripting or page hijacking, see CWE-113 for full details).\n\nIf software needs to generate HTTP headers depending on user-controlled input, such input should be properly neutralized\n(a white-list validation excluding CR/LF is recommended). Please note that cookies are received and sent in 'Cookie' header in HTTP messages,\nso if the software generates a Cookie from user input, the input should be properly validated as well.\n\nNOTE: Since PHP 4.4.2 / 5.1.2 this vulnerability was removed, as header() and setcookie() functions neutralize CR (carriage-return)\nand LF (line-feed) characters that could be potentially injected thru those functions.\n{{/paragraph}}\n",
  "issue": null,
  "advice": null,
  "vendor": "kiuwan"
}