{
  "id": "OPT.SCALA.SECURITY.AvoidNativeCalls",
  "name": "Avoid Native Calls",
  "severity": "MEDIUM",
  "category": "Design error",
  "language": [
    "SCALA"
  ],
  "cwe": [
    "http://cwe.mitre.org/data/definitions/111.html"
  ],
  "description": "OPT.SCALA.SECURITY.AvoidNativeCalls",
  "risk": "{{#paragraph}}When a Scala application uses the Java Native Interface (JNI) to call code written in\nanother programming language, it can expose the application to weaknesses in that code, even if those weaknesses\ncannot occur in Scala.\n\nNative code is developed in C/C++ or equivalent languages, more susceptible to buffer overflows and other\nsecurity issues. This rule checks for native methods, their calls and which native libraries are loaded.\n\nIn Scala memory management is done to a large extent by the JVM, and no \"pointer arithmetic\" is available.\nThe implementation of native methods open the possibility to vulnerabilities not present in Java.\n\nPotential mitigations are: do not use JNI libraries in your software systems (remember that some system-dependent\nparts of the Scala/ Java JDK are implemented using native code, but such code at least has been under review for\nlong time). Replace, if possible, native libraries with equivalent, non-native, Scala libraries. If native\ncode is absolutely necessary, analyze native code for vulnerabilities and ensure that proper error handling,\ninput verification and other security techniques are in place.\n\nTo exclude certain types, you may list (in the allowed property) the types with native code to be accepted\nwithout alerts.\n{{/paragraph}}\n",
  "issue": null,
  "advice": null,
  "vendor": "kiuwan"
}