{
  "id": "OPT.COBOL.CheckOrderSentences",
  "name": "Check Order Sentences",
  "severity": "LOW",
  "category": "Other",
  "language": [
    "COBOL"
  ],
  "cwe": [],
  "description": "OPT.COBOL.CheckOrderSentences",
  "risk": "{{#paragraph}}Detect all sentecias that trigger a costly process SORT by the DB2 due to the high number of select rows. If there is a functional need, design solutions should be sought to identify the origin and the SORT necsidad to avoid it. Possible solutions to the DB2 SORT depending on each particular case and the seriousness of the SORT could be:\n        - SORT previous steps in JCL\n        - Changes in the tables order of the data model \n        - Design of alternative indices\n        - Modifying existing indexes\n        - Settings in the statement, WHERE, GROUP BY, DISTINCT, etc\n        - Etc. depending on each case\n        \nIn the SELECT or CURSOR statements that cause an internal SORT(if any of the following fields have a Y: SORTN_UNIQ, SORTN_JOIN, SORTN_ORDERBY, SORTN_GROUPBY, SORTC_UNIQ, SORTC_JOIN, SORTC_ORDERBY, AX_SORTC_GROUPBY),\nWHERE clause is checked to ensure if it is restrictive enough. To do that, following conditions are checked sequentially.\n - Checks (in the 'Catalog' file) if the size of the accessed table is higher than the limit defined in the 'numPag' parameter. Rule does not apply in accesses to smaller tables. \n - For current SQL access, checks the 'Catalog' and 'PlanTable' files:\n   -- If ACCESSTYPE=I (index type of access):\n      --- Relation between table cardinality (TCARD) and index cardinality (ICARD) has to be lower than the indicated in the 'maxRatio' parameter. Otherwise, a violation will be shown. \n      --- If the number of key fields used by the index is higher than one (MATCHCOLS>1) and the first index column (CNAME) is compared by equality in the WHERE clause:\n          ---- Relation between table cardinatily (TCARD) and the cardinality of the first field of the index (IFIRSTKEYCARD) has to be lower than the indicated in the 'minRatio' parameter. Otherwise, check LAST CONDITION.\n   -- If ACCESSSTYPE=N (it contains IN):\n      ---  Relation between table cardinality (TCARD) and index cardinality (ICARD) has to be lower than the indicated in the 'maxRatio' parameter. Otherwise, a violation will be shown.    \n      --- If first field of index (CNAME) is compared by equality in the WHERE clause:               \n          ---- Relation between table cardinatily (TCARD) and the cardinality of the first field of the index (IFIRSTKEYCARD) has to be lower than the indicated in the 'minRatio' parameter. Otherwise, check LAST CONDITION\n      --- If first field of index (CNAME) is an operand of an 'OR' or 'IN' operation in the WHERE clause:       \n          ---- Operation (number of IN/OR repetitions) * TCARD / IFIRSTKEYCARD has to be lower than the 'maxRatioRepetitions' parameter. Otherwise, check LAST CONDITION.\n   -- If ACCESSTYPE=MX (múltiple scan):\n      --- For each index, repeat the above checks (if ACCESSTYPE=I or ACCESSTYPE=N), counting that index that comply with conditions are 'Restrictive accesses' and those that do not comply are 'Low restrictive accesses'.  \n          ---- If all accesses are restrictives, rule is fulfilled.\n          ---- If all accesses are low restrictives, a violation will be shown. \n          ---- If there are both cases:\n               * If all of them are ACCESSTYPE=MI, the rule is fulfilled.\n               * If there are at least one ACCESSTYPE=MU, a violation will be shown.\n                    \nLAST CONDITION:\n----- If index name (ACCESSNAME) is not indicated, a violation will be shown.\n----- If index name is indicated:\n      * retrieve the number of fields in the index - (valueA)\n      * count the number of index fields that appear in the WHERE clause compared by the equality operator (ignoring those affected by the OR operator) - (valueB)                     \n        ** If valueA=1 or valueB=0, a violation will be shown.\n        ** If valueA / valueB > 'maxRatioIndexFields', a violation will be shown. \n        \n        \nNOTE: for this rule to work properly, files 'PlanTable' and 'Catalog' are needed. They contain information about the data base.\nCheck documentation about the configuration of these files in the Kiuwan manual (User's guide > Kiuwan Local Analyzer > Advanced configuration > Cobol DB2 rules configuration.)\n{{/paragraph}}\n",
  "issue": null,
  "advice": null,
  "vendor": "kiuwan"
}