{
  "id": "OPT.COBOL.SEC.IllegalValuesForPointers",
  "name": "Illegal Values For Pointers",
  "severity": "CRITICAL",
  "category": "Pointer and reference handling",
  "language": [
    "COBOL"
  ],
  "cwe": [
    "http://cwe.mitre.org/data/definitions/824.html"
  ],
  "description": "OPT.COBOL.SEC.IllegalValuesForPointers",
  "risk": "{{#paragraph}}A data entry of type POINTER (or PROCEDURE-POINTER or equivalent data usage in Cobol dialects)\ncannot be used before given a proper, non NULL value.\n\nRule checks that, before any usage, the pointer is set a value different from NULL using SET statement (or the pointer\nis set by a call).\n{{/paragraph}}\n",
  "issue": null,
  "advice": null,
  "vendor": "kiuwan"
}