{
  "id": "OPT.C.PORT.HardcodedAbsolutePath",
  "name": "Hardcoded Absolute Path",
  "severity": "HIGH",
  "category": "File handling",
  "language": [
    "C"
  ],
  "cwe": [],
  "description": "OPT.C.PORT.HardcodedAbsolutePath",
  "risk": "{{#paragraph}}\nDo not use absolute paths for files/directories, in calls where a path is expected, coded as literals.\nSuch paths probably are not portable. It is recommended to either use a configuration property, or use system facilities\nfor getting system paths, like Environment.SpecialFolder.\n{{/paragraph}}\n",
  "issue": null,
  "advice": null,
  "vendor": "kiuwan"
}