{
  "id": "OPT.CPP.AvoidPublicDataMember",
  "name": "Avoid Public Data Member",
  "severity": "HIGH",
  "category": "Other",
  "language": [
    "CPP"
  ],
  "cwe": [],
  "description": "OPT.CPP.AvoidPublicDataMember",
  "risk": "{{#paragraph}}Avoid class data members that are public, because they can be changed from anywhere. Data members should have accessor methods that control \"read / write\" access to class data.\n\nNote: Rule allows constant public data members.\n\nA potential exception to this rule is behaviourless aggregates (C-style struts) of simple types.\nRule only applies to C++ classes.\n{{/paragraph}}\n",
  "issue": null,
  "advice": null,
  "vendor": "kiuwan"
}