{
  "id": "OPT.JAVA.ANDROID.DoNotLogSensitiveInformation",
  "name": "Do Not Log Sensitive Information",
  "severity": "MEDIUM",
  "category": "Error handling and fault isolation",
  "language": [
    "JAVA"
  ],
  "cwe": [],
  "description": "OPT.JAVA.ANDROID.DoNotLogSensitiveInformation",
  "risk": "{{#paragraph}}\nApp with android.permission.READ_LOGS can output logging information and also access to log output, using android.util.Log\nclass and the logcat command, respectively.\n\nBefore Android API LEVEL 16 (Jelly Bean), any app with READ_LOGS permission could access any other app output logs.\n{{/paragraph}}\n",
  "issue": null,
  "advice": null,
  "vendor": "kiuwan"
}