{
  "id": "OPT.JSP.PB_JSF.DontUseConditionalTagsInIterativeTags",
  "name": "Dont Use Conditional Tags In Iterative Tags",
  "severity": "CRITICAL",
  "category": "Other",
  "language": [
    "JSP"
  ],
  "cwe": [],
  "description": "OPT.JSP.PB_JSF.DontUseConditionalTagsInIterativeTags",
  "risk": "{{#paragraph}}Do not use conditional tags inside iterative tags.\nThe conditional tag<c:if>is used at compile time, to build the tag tree, while<h:datatable>and<ui:repeat>tags are used to iterate at runtime, so the combination of both, typically, does not produce the desired effect.\nIt is best to use the rendered attribute to express the same condition. Lists of conditional and iterative tags are paremeterizable.\n{{/paragraph}}\n",
  "issue": null,
  "advice": null,
  "vendor": "kiuwan"
}