{
  "id": "OPT.PYTHON.RELIABILITY.AvoidUsingReturnOutsideFunction",
  "name": "Avoid Using Return Outside Function",
  "severity": "LOW",
  "category": "Other",
  "language": [
    "PYTHON"
  ],
  "cwe": [],
  "description": "OPT.PYTHON.RELIABILITY.AvoidUsingReturnOutsideFunction",
  "risk": "{{#paragraph}}Return statement is used in functions to return the program flow, but any other usage is\nconsidered invalid.\n\nA common error is using the return statement into loops, but this is a bad programming practice because the break\nstatement should be used instead.\n\nStarting from Python 2.6 a SyntaxError is thrown is this situation.\n{{/paragraph}}\n",
  "issue": null,
  "advice": null,
  "vendor": "kiuwan"
}