{
  "id": "OPT.ABAP.MAINT.KeywordsForUserIdentifiers",
  "name": "Keywords For User Identifiers",
  "severity": "NOTE",
  "category": "Other",
  "language": [
    "ABAP"
  ],
  "cwe": [],
  "description": "OPT.ABAP.MAINT.KeywordsForUserIdentifiers",
  "risk": "{{#paragraph}}\nABAP does not have reserved words, so the language keywords (statement names and addition tokens) could be used in code\nas identifiers: names for variables and types, name for \"procedures\" (methods, subroutines and function modules) and their parameters,\nnames for class / interfaces, report/program names, macro names, etc.\n\nSAP says explicitly: \"The use of IDs that are reserved for ABAP words and so on for custom definitions is not actually forbidden,\nbut is strongly advised against.\"\n\nThis rule checks that in a definition statement, an identifier used as a name of an ABAP item is not one of the ABAP words\n(documented in https://help.sap.com/abapdocu_740/en/ABENABAP_WORDS.htm). Only ABAP words used as identifiers in definitions\nwill be reported (usages are ignored), to reduce the number of violations emitted.\n{{/paragraph}}\n",
  "issue": null,
  "advice": null,
  "vendor": "kiuwan"
}