{
  "id": "OPT.CSHARP.WeakCryptographicHash",
  "name": "Weak Cryptographic Hash",
  "severity": "CRITICAL",
  "category": "Encryption and randomness",
  "language": [
    "DOTNET"
  ],
  "cwe": [
    "http://cwe.mitre.org/data/definitions/328.html"
  ],
  "description": "OPT.CSHARP.WeakCryptographicHash",
  "risk": "{{#paragraph}}\nMD5, SHA-1 and RIPEMD160 are popular cryptographic hash functions often used to verify the integrity of messages, and for other usages.\nRecent advances in cryptanalysis have discovered weaknesses in both algorithms. Consequently, MD5, SHA-1 or RIPEMD160\nshould no longer be relied upon in security-critical contexts.\n\nTechniques for breaking MD5 hashes are advanced and widely available enough that the algorithm must not be relied upon for security.\nIn the case of SHA-1 or RIPEMD160, current techniques still require a significant amount of computational power and are more difficult to implement.\nHowever, attackers have found the Achilles heal for the algorithm, and techniques for breaking it will likely lead to the discovery\nof even faster attacks. In particular, Google has reported recently an example of colliding SHA-1 hashes.\n\nRIPEMD-160 may be used (for some time in the future) in legacy applications.\n\nThe rule checks also for HMAC (message authentication codes based on hash functions) implementations for the forbidden hash algorithms.\nHMACSHA384 is considered safe; MACTripleDES should be used only in legacy applications; HMACMD5 or HMACSHA1 should not be used\nin new applications, even when the security of such HMAC schemes is not as much compromised as with their hash function counterparts.\n{{/paragraph}}\n",
  "issue": null,
  "advice": null,
  "vendor": "kiuwan"
}