{
  "id": "OPT.JAVA.HEB.AvoidCallRun",
  "name": "Avoid Call Run",
  "severity": "HIGH",
  "category": "Other",
  "language": [
    "JAVA"
  ],
  "cwe": [
    "https://cwe.mitre.org/data/definitions/572.html"
  ],
  "description": "OPT.JAVA.HEB.AvoidCallRun",
  "risk": "{{#paragraph}}\nThe method Thread.run() should never be called. Instead, all threads should be started in Thread.start().\n\nrun() causes the code to run in the thread of the caller instead of the intended thread.\nThe programmer intended to begin a new thread of control, but accidentally called run() instead of start()\n{{/paragraph}}\n",
  "issue": null,
  "advice": null,
  "vendor": "kiuwan"
}