{
  "id": "OPT.PHP.AvoidCreateFromGlobalsRequest",
  "name": "Avoid Create From Globals Request",
  "severity": "HIGH",
  "category": "Other",
  "language": [
    "PHP"
  ],
  "cwe": [],
  "description": "OPT.PHP.AvoidCreateFromGlobalsRequest",
  "risk": "{{#paragraph}}The Request::createFromGlobals method should only be called once and has to be from the global controller.\n        The HttpKernel is designed to pass the request object to the controller if the controller includes an argument that is strictly the type of the request class.\n{{/paragraph}}\n",
  "issue": null,
  "advice": null,
  "vendor": "kiuwan"
}