{
  "id": "OPT.GO.SECURITY.ProfilingEndpointExposed",
  "name": "Profiling Endpoint Exposed",
  "severity": "MEDIUM",
  "category": "Error handling and fault isolation",
  "language": [
    "GO"
  ],
  "cwe": [
    "https://cwe.mitre.org/data/definitions/489.html"
  ],
  "description": "OPT.GO.SECURITY.ProfilingEndpointExposed",
  "risk": "{{#paragraph}}A common development practice is to add \"back door\" code specifically designed for debugging\nor testing purposes that is not intended to be shipped or deployed with the application.\n\nWhen this sort of debug code is accidentally left in the application, the application is open to unintended modes of\ninteraction. These back door entry points create security risks because they are not considered during design or testing\nand fall outside of the expected operating conditions of the application.\n\nThis rule checks for package pprof, which serves via its HTTP server runtime profiling data in the format expected by\nthe pprof visualization tool.\n\nThe package is typically only imported for the side effect of registering its HTTP handlers. The handled paths all begin\nwith /debug/pprof/.\n\nObviously this package should't be used in production.\n{{/paragraph}}\n",
  "issue": null,
  "advice": null,
  "vendor": "kiuwan"
}