{
  "id": "OPT.CPP.MultipleInclusionPreventionGuard",
  "name": "Multiple Inclusion Prevention Guard",
  "severity": "HIGH",
  "category": "Other",
  "language": [
    "CPP"
  ],
  "cwe": [],
  "description": "OPT.CPP.MultipleInclusionPreventionGuard",
  "risk": "{{#paragraph}}Each header file should contain a mechanism to prevent multiple inclusion of itself.\n\nNote: Rule admits the non portable #pragma once directive, but for better portability, the {{{#}}}ifndef / {{{#}}}define idiom shown in the code example is more portable.\n{{/paragraph}}\n",
  "issue": null,
  "advice": null,
  "vendor": "kiuwan"
}