{
  "id": "OPT.CPP.BracesInArrayDelete",
  "name": "Braces In Array Delete",
  "severity": "CRITICAL",
  "category": "Pointer and reference handling",
  "language": [
    "CPP"
  ],
  "cwe": [],
  "description": "OPT.CPP.BracesInArrayDelete",
  "risk": "{{#paragraph}}Arrays, allocated with new[], must be deallocated with delete[], since the layout of arrays allocated with new[] is implementation defined, and possibly not compatible with new (without []).\n{{/paragraph}}\n",
  "issue": null,
  "advice": null,
  "vendor": "kiuwan"
}