{
  "id": "OPT.VBNET.TypeLinkDemandsRequireInheritanceDemands",
  "name": "Type Link Demands Require Inheritance Demands",
  "severity": "MEDIUM",
  "category": "Permissions, privileges and access controls",
  "language": [
    "VBNET"
  ],
  "cwe": [],
  "description": "OPT.VBNET.TypeLinkDemandsRequireInheritanceDemands",
  "risk": "{{#paragraph}}A public unsealed type that is protected with link demand and has an overridable method, should be protected with inheritance demand.\n{{/paragraph}}\n",
  "issue": null,
  "advice": null,
  "vendor": "kiuwan"
}