{
  "id": "OPT.CSHARP.Csharp.AvoidOverloadsInComVisibleInterfaces",
  "name": "Avoid Overloads In Com Visible Interfaces",
  "severity": "HIGH",
  "category": "Other",
  "language": [
    "DOTNET"
  ],
  "cwe": [],
  "description": "OPT.CSHARP.Csharp.AvoidOverloadsInComVisibleInterfaces",
  "risk": "{{#paragraph}}\nA Component Object Model (COM) visible interface declares overloaded methods.\n\nWhen overloaded methods are exposed to COM clients, only the first method overload retains its name.\nSubsequent overloads are uniquely renamed, by appending to the name an underscore character '_' and an integer\nthat corresponds to the order of declaration of the overloaded method.\n\nFor example, consider the following methods:\nvoid SomeMethod(int valueOne)\nvoid SomeMethod(int valueOne, int valueTwo, int valueThree)\nvoid SomeMethod(int valueOne, int valueTwo)\n\nThese methods are exposed to COM clients as the following:\nvoid SomeMethod(int valueOne)\nvoid SomeMethod_2(int valueOne, int valueTwo, int valueThree)\nvoid SomeMethod_3(int valueOne, int valueTwo)\n{{/paragraph}}\n",
  "issue": null,
  "advice": null,
  "vendor": "kiuwan"
}