{
  "id": "OPT.PHP.SEC.PlaintextStorageOfPassword",
  "name": "Plaintext Storage Of Password",
  "severity": "MEDIUM",
  "category": "Information leaks",
  "language": [
    "PHP"
  ],
  "cwe": [
    "https://cwe.mitre.org/data/definitions/256.html"
  ],
  "description": "OPT.PHP.SEC.PlaintextStorageOfPassword",
  "risk": "{{#paragraph}}\nStoring a password in plaintext may result in a system compromise.\n\nPassword management issues occur when a password is stored in plaintext in an application's properties or configuration file.\nStoring a plaintext password in a configuration file allows anyone who can read the file access to the password-protected resource.\n{{/paragraph}}\n",
  "issue": null,
  "advice": null,
  "vendor": "kiuwan"
}