{
  "id": "OPT.JAVA.RECBAS.AvoidCallLangRefFromServlet",
  "name": "Avoid Call Lang Ref From Servlet",
  "severity": "CRITICAL",
  "category": "Other",
  "language": [
    "JAVA"
  ],
  "cwe": [],
  "description": "OPT.JAVA.RECBAS.AvoidCallLangRefFromServlet",
  "risk": "{{#paragraph}}No CPU intensive operation or an operation that has a chance to block and to be called from the finalize() method. The finalize() method is executed by the garbage collector and must therefore complete complex tasks.\n{{/paragraph}}\n",
  "issue": null,
  "advice": null,
  "vendor": "kiuwan"
}