{
  "id": "OPT.SCALA.SECURITY.PathTraversal",
  "name": "Path Traversal",
  "severity": "CRITICAL",
  "category": "File handling",
  "language": [
    "SCALA"
  ],
  "cwe": [
    "http://cwe.mitre.org/data/definitions/22.html",
    "http://cwe.mitre.org/data/definitions/73.html"
  ],
  "description": "OPT.SCALA.SECURITY.PathTraversal",
  "risk": "{{#paragraph}}\nSoftware uses external input to construct a pathname that is intended to identify a file or directory\nthat is located underneath a restricted parent directory, but the software does not properly neutralize\nspecial elements within the pathname that can cause the pathname to resolve to a location outside the\nrestricted directory.\n\nUnder an application server, if the application server configuration does not restrict access to files outside\ncertain restricted directories, the attacker may fetch sensitive files, and if the file is written with contents\ncontrolled by user input, the attacker may change configuration files or libraries (for more insidious code injection attacks).\nAccess to system files (the customary /etc/password) could also allowed with the app permissions.\n\nIt is recommended, besides ensuring that files depending on user-controlled input do not exit the intended directories,\nthat the OS account does have the minimal permissions, to reduce the impact of a successful path traversal attack.\n{{/paragraph}}\n",
  "issue": null,
  "advice": null,
  "vendor": "kiuwan"
}