{
  "id": "OPT.PHP.UseLatestSymfonyVersion",
  "name": "Use Latest Symfony Version",
  "severity": "MEDIUM",
  "category": "Other",
  "language": [
    "PHP"
  ],
  "cwe": [],
  "description": "OPT.PHP.UseLatestSymfonyVersion",
  "risk": "{{#paragraph}}\nA standard version of Symfony is maintained by the support team for months (8 months for bugs, 14 months for security issues).\n\nUsing versions that are not maintained or are unstable can lead to bugs or security vulnerabilities that have not been corrected.\n{{/paragraph}}\n",
  "issue": null,
  "advice": null,
  "vendor": "kiuwan"
}