{
  "id": "OPT.JAVA.J2EE.AvoidDoPriviliged",
  "name": "Avoid Do Priviliged",
  "severity": "MEDIUM",
  "category": "Permissions, privileges and access controls",
  "language": [
    "JAVA"
  ],
  "cwe": [],
  "description": "OPT.JAVA.J2EE.AvoidDoPriviliged",
  "risk": "{{#paragraph}}When a block is marked as privileged code, you can call services based on the permissions even though some of the callers do not have such permissions. Minimise the privileges of the application.\n{{/paragraph}}\n",
  "issue": null,
  "advice": null,
  "vendor": "kiuwan"
}