{
  "id": "OPT.JAVASCRIPT.TYPESCRIPT.UseTypeAlias",
  "name": "Use Type Alias",
  "severity": "MEDIUM",
  "category": "Other",
  "language": [
    "JAVASCRIPT"
  ],
  "cwe": [],
  "description": "OPT.JAVASCRIPT.TYPESCRIPT.UseTypeAlias",
  "risk": "{{#paragraph}}\nWhen type is complex then a good programming practice is creating a type alias for that type and using it instead of using\nthe type directly.\n\nThis practice improves the readability of the code, specially when the same types are used several times.\n{{/paragraph}}\n",
  "issue": null,
  "advice": null,
  "vendor": "kiuwan"
}