{
  "id": "OPT.CSHARP.Csharp.DoNotPassLiteralsAsLocalizedParameters",
  "name": "Do Not Pass Literals As Localized Parameters",
  "severity": "LOW",
  "category": "Other",
  "language": [
    "DOTNET"
  ],
  "cwe": [],
  "description": "OPT.CSHARP.Csharp.DoNotPassLiteralsAsLocalizedParameters",
  "risk": "{{#paragraph}}String literal passes as parameter of a constructor or method, and that string should be localizable.\n{{/paragraph}}\n",
  "issue": null,
  "advice": null,
  "vendor": "kiuwan"
}