{
  "id": "OPT.JAVA.SPRING.UseThreadSafeMultiThreadingSteps",
  "name": "Use Thread Safe Multi Threading Steps",
  "severity": "MEDIUM",
  "category": "Other",
  "language": [
    "JAVA"
  ],
  "cwe": [],
  "description": "OPT.JAVA.SPRING.UseThreadSafeMultiThreadingSteps",
  "risk": "{{#paragraph}}Spring Batch allows parallel scalable processing for these situations where a job\nexecution is not suitable for a single thread environment.\n\nSpring Batch allows:\n  - Multithreaded steps\n  - Parallel steps.\n  - Remote chunking of step.\n  - Partitioning a step.\n\nMulti-threaded step is considered the simplest multithread way to perform a job. The TaskExecutor specified into the\nstep definition will process the chunks into another thread.\n\nThese TaskExecutors will read and write data by using ItemWriters and ItemReaders. Spring Batch provides several\nimplementations for these components, some of them thread safe, while other don't.\n\nIf the ItemWriters and ItemReaders are not thread-safe, one solution is synchronizing the call to read () as it is the\nless expensive part of the read-process-write process.\n\nSpring Batch states that the following classes are not thread-safe:\n  - org.springframework.batch.item.file.FlatFileItemReader.\n  - org.springframework.batch.item.database.HibernateCursorItemReader.\n  - org.springframework.batch.item.data.RepositoryItemReader.\n  - org.springframework.batch.item.ldif.LdifReader.\n  - org.springframework.batch.item.ldif.MappingLdifReader.\n  - org.springframework.batch.item.xml.StaxEventItemReader.\n  - org.springframework.batch.item.support.SingleItemPeekableItemReader.\n\nThis rule reports violation when not using a thread-safe ItemWriter and ItemReader.\n{{/paragraph}}\n",
  "issue": null,
  "advice": null,
  "vendor": "kiuwan"
}