{
  "id": "OPT.JAVASCRIPT.NODEJS.AvoidUsingDefaultConnectionLimit",
  "name": "Avoid Using Default Connection Limit",
  "severity": "HIGH",
  "category": "Other",
  "language": [
    "JAVASCRIPT"
  ],
  "cwe": [],
  "description": "OPT.JAVASCRIPT.NODEJS.AvoidUsingDefaultConnectionLimit",
  "risk": "{{#paragraph}}Node.js provides the http module to create http clients and servers.\n\nAn http server usually can handle a lot of connections, but by default Node.js versions previous to Node v0.10 set the\nmaximum connection limit to 5. From Node v0.12 this limit is set to Infinity.\n\nA good programming practice would be setting a custom connections limit according with the project.\n\nThis rule report violation when the http module is used to create an http server but the connection limit has not been\nmodified.\n{{/paragraph}}\n",
  "issue": null,
  "advice": null,
  "vendor": "kiuwan"
}