{
  "id": "OPT.CSHARP.Csharp.AvoidLongParameterLists",
  "name": "Avoid Long Parameter Lists",
  "severity": "LOW",
  "category": "Other",
  "language": [
    "DOTNET"
  ],
  "cwe": [],
  "description": "OPT.CSHARP.Csharp.AvoidLongParameterLists",
  "risk": "{{#paragraph}}When developing you should have measure with the number of parameters defined per method.\nHaving methods with too many parameters could imply that there is a bad practice known as \"Long Parameter List Smell\" in your code.\n{{/paragraph}}\n",
  "issue": null,
  "advice": null,
  "vendor": "kiuwan"
}