{
  "id": "OPT.JAVA.SWITCH.AvoidLabelSwitchSentences",
  "name": "Avoid Label Switch Sentences",
  "severity": "CRITICAL",
  "category": "Other",
  "language": [
    "JAVA"
  ],
  "cwe": [],
  "description": "OPT.JAVA.SWITCH.AvoidLabelSwitchSentences",
  "risk": "{{#paragraph}}A switch statement already contains 'case' labels that are very similar to normal text labels.\nAvoid the use of text labels in switch commands.\n\nNOTE: deprecated rule. Use \"OPT.JAVA.PB.TLS\" instead.\n{{/paragraph}}\n",
  "issue": null,
  "advice": null,
  "vendor": "kiuwan"
}