{
  "id": "OPT.JAVASCRIPT.ANGULARJS.UnsafeUrlWhitelist",
  "name": "Unsafe Url Whitelist",
  "severity": "CRITICAL",
  "category": "Misconfiguration",
  "language": [
    "JAVASCRIPT"
  ],
  "cwe": [
    "https://cwe.mitre.org/data/definitions/183.html"
  ],
  "description": "OPT.JAVASCRIPT.ANGULARJS.UnsafeUrlWhitelist",
  "risk": "{{#paragraph}}\nIn AngularJS, whitelists for URLs for HTML links and images could be registered in the $compileProvider provider.\n\nSuch white-lists are a security measure aimed at prevent Cross-Site Scripting (XSS) attacks via links.\nThe default white-lists in Angular JS are reasonable. Developers may change such defaults, and that may\nallow successful XSS attacks. For example, the javascript: protocol probably should not be allowed in links\nrendered by AngularJS.\n\nWhen AngularJS tries to render a URL in an HTML or image link, and the URL does not match the whitelist pattern,\nit prefixes the URL with \"unsafe:\", so it is neutralized when written to the document to be rendered in the browser.\n\nThe default values for current AngularJS are: /^\\s*(https?|ftp|mailto|tel|file):/ for HTML links, and\n/^\\s*((https?|ftp|file|blob):|data:image\\/)/ for images.\n\nThis rule will emit a violation when the URL whitelist configured is considered unsafe.\n{{/paragraph}}\n",
  "issue": null,
  "advice": null,
  "vendor": "kiuwan"
}