{
  "id": "OPT.JAVA.ANDROID.CallSuperLastOnEnd",
  "name": "Call Super Last On End",
  "severity": "HIGH",
  "category": "Other",
  "language": [
    "JAVA"
  ],
  "cwe": [],
  "description": "OPT.JAVA.ANDROID.CallSuperLastOnEnd",
  "risk": "{{#paragraph}}Be sure that super method is called as last statement on following finalization methods:\n        finish, onDestroy, onPause, onSaveInstanceState, onStop, onTerminate\n        for following classes: android.app.Activity, android.app.Application, android.app.Service\n{{/paragraph}}\n",
  "issue": null,
  "advice": null,
  "vendor": "kiuwan"
}