{
  "id": "OPT.JAVA.ClassHierarchiesAreNotTooDeep",
  "name": "Class Hierarchies Are Not Too Deep",
  "severity": "MEDIUM",
  "category": "Other",
  "language": [
    "JAVA"
  ],
  "cwe": [],
  "description": "OPT.JAVA.ClassHierarchiesAreNotTooDeep",
  "risk": "{{#paragraph}}Dit (deep of inheritance tree) metric measures the depth of a particular class on its hierarchy tree.\n\nMotivation is due to classes which are too deep into its hierarchy tree, are smaller but they have a greater coupling with the upper classes, and also have a higher design complexity.\n\nIn addition, the greater the depth of a class the greater the number of inherited methods which can cause the class behavior to be more difficult to predict, difficulting encapsulation and increasing complexity.\n\nThe values ​​are in a range between 0 and 4 are considered valid for this metric.\n\nTo solve this problem:\n  - Design classes correctly avoiding an excessive inheritance tree depth.\n\n  - If this is not enough you can use the \"Composition over Inheritance\" principle which means classes should be composed by other classes instead of inheriting from other classes (relations HAS- A and IS -A respectively).\n{{/paragraph}}\n",
  "issue": null,
  "advice": null,
  "vendor": "kiuwan"
}