{
  "id": "OPT.VBNET.VBnet.DisableDebuggingCodeRule",
  "name": "Disable Debugging Code Rule",
  "severity": "MEDIUM",
  "category": "Other",
  "language": [
    "VBNET"
  ],
  "cwe": [],
  "description": "OPT.VBNET.VBnet.DisableDebuggingCodeRule",
  "risk": "{{#paragraph}}Avoid using Console.WriteLine.\n        These calls can be used to debug the application  but should not appear in the release version.\n    If do not want to remove you can add the method attribute <Conditional (\"DEBUG\")>, or use Debug.WriteLine or Trace.WriteLine.\n{{/paragraph}}\n",
  "issue": null,
  "advice": null,
  "vendor": "kiuwan"
}