{
  "id": "OPT.C.MISRAC.TypedefUniqueIdentifier",
  "name": "Typedef Unique Identifier",
  "severity": "MEDIUM",
  "category": "Other",
  "language": [
    "C"
  ],
  "cwe": [],
  "description": "OPT.C.MISRAC.TypedefUniqueIdentifier",
  "risk": "{{#paragraph}}No typedef name shall be reused either as a typedef name or for any other purpose.\n\ntypedef names shall not be reused anywhere within a program. The same typedef shall not be duplicated anywhere in the source code files even if the declaration are identical.\nWhen the definition is made in a header file, and the header file is included in multiple source files, this rule is not violated.\n{{/paragraph}}\n",
  "issue": null,
  "advice": null,
  "vendor": "kiuwan"
}