{
  "id": "OPT.C.MISRAC.CaseWithBreak",
  "name": "Case With Break",
  "severity": "LOW",
  "category": "Other",
  "language": [
    "C"
  ],
  "cwe": [],
  "description": "OPT.C.MISRAC.CaseWithBreak",
  "risk": "{{#paragraph}}\nThe last statement in every switch clause shall be a break statement, or if the switch clause is a compount statement,\nthen the last statement in the compound block shall be a break statement.\n\nThe rule admits case without statements (for multiple values related to same processing), or return instead of break.\nNote: under c++, a deliberate fallthrough could be made explicit with the [[fallthrough]] annotation.\n{{/paragraph}}\n",
  "issue": null,
  "advice": null,
  "vendor": "kiuwan"
}