{
  "id": "OPT.JAVA.SEC_JAVA.XPathInjectionRule",
  "name": "XPath Injection Rule",
  "severity": "HIGH",
  "category": "Injection",
  "language": [
    "JAVA"
  ],
  "cwe": [
    "http://cwe.mitre.org/data/definitions/643.html"
  ],
  "description": "OPT.JAVA.SEC_JAVA.XPathInjectionRule",
  "risk": "{{#paragraph}}The software uses external input to dynamically construct an XPath expression used to\nretrieve data from an XML database, but it does not neutralize or incorrectly neutralizes that input.\nThis allows an attacker to control the structure of the query.\n\nEffect: the attacker will have control over the information selected from the XML database and may use that ability\nto control application flow, modify logic, retrieve unauthorized data, or bypass important checks (e.g. authentication).\n\nThis check looks for calls that create or execute an XPath expression, and detects if an untrusted input could\nchange the XPath code used at that call.\n{{/paragraph}}\n",
  "issue": null,
  "advice": null,
  "vendor": "kiuwan"
}