{
  "id": "OPT.JAVA.ANDROID.AndroidSQLInjection",
  "name": "Android SQL Injection",
  "severity": "CRITICAL",
  "category": "Injection",
  "language": [
    "JAVA"
  ],
  "cwe": [],
  "description": "OPT.JAVA.ANDROID.AndroidSQLInjection",
  "risk": "{{#paragraph}}\nThe software constructs all or part of an SQL command using externally-controlled input, but it does not neutralize\nproperly that input that could modify the intended SQL command when it is sent to a database interaction class\n(e.g. Android SQLiteDatabase).\n\nThe rule detects a path in code between an user-input statement (source) and a database call (sink), with SQL sentence depending on\nnon neutralized input.\n\nIt must be known that if SQL does not depend on user-controlled input (e.g. Parametrized SQL), there is no possibility for an SQL injection.\n\nNote: Using stored procedures in database operations does NOT prevent SQL injection if, for example, the SQL to send\nto the database for execution of the stored procedure is composed by concatenating non properly neutralized user input.\n{{/paragraph}}\n",
  "issue": null,
  "advice": null,
  "vendor": "kiuwan"
}