{
  "id": "OPT.ABAP.SEC.AuthorityChecks",
  "name": "Authority Checks",
  "severity": "NOTE",
  "category": "Permissions, privileges and access controls",
  "language": [
    "ABAP"
  ],
  "cwe": [],
  "description": "OPT.ABAP.SEC.AuthorityChecks",
  "risk": "{{#paragraph}}\nReport all authorization checks used in ABAP code (AUTHORITY-CHECK statement).\n\nThis rule could be active for fine-tuning SAP roles and authorizations, or for auditing authorizations performed in ABAP code.\nOther rules check for authorization issues (bad authority checks, lack of authorization for certain operations, etc.).\n{{/paragraph}}\n",
  "issue": null,
  "advice": null,
  "vendor": "kiuwan"
}