{
  "id": "OPT.JAVA.SERI.AvoidSerializableClasses",
  "name": "Avoid Serializable Classes",
  "severity": "HIGH",
  "category": "Other",
  "language": [
    "JAVA"
  ],
  "cwe": [],
  "description": "OPT.JAVA.SERI.AvoidSerializableClasses",
  "risk": "{{#paragraph}}When serialising the internal serialisable class, the external class with which it is associated is also serialised. As the outer class is not serialisable, this will produce a runtime error. One solution is to change the inner class to be static.\n{{/paragraph}}\n",
  "issue": null,
  "advice": null,
  "vendor": "kiuwan"
}