{
  "id": "OPT.VBNET.VBnet.VariableNamesShouldNotMatchFieldNames",
  "name": "Variable Names Should Not Match Field Names",
  "severity": "HIGH",
  "category": "Other",
  "language": [
    "VBNET"
  ],
  "cwe": [],
  "description": "OPT.VBNET.VBnet.VariableNamesShouldNotMatchFieldNames",
  "risk": "{{#paragraph}}An instance method should not declare a parameter or a local variable whose name matches an instance field of the declaring type. This can lead to errors.\n{{/paragraph}}\n",
  "issue": null,
  "advice": null,
  "vendor": "kiuwan"
}