{
  "id": "OPT.COBOL.COBBP.ToEndParagraph",
  "name": "Check that top-level paragraphs have an exit paragraph",
  "severity": "MEDIUM",
  "category": "Other",
  "language": [
    "COBOL"
  ],
  "cwe": [],
  "description": "OPT.COBOL.COBBP.ToEndParagraph",
  "risk": "{{#paragraph}}This rule check that paragraphs matching a certain pattern ('top-level paragraphs') have an 'exit' paragraph, that adds a suffix (like -EXIT) to the top level paragraph name.\n\nNOTE: If other standard for procedural code layout is followed (like procedural sections, or paragraphs without EXIT delimiters),\nprobably you should deactivate this rule.\n{{/paragraph}}\n",
  "issue": null,
  "advice": null,
  "vendor": "kiuwan"
}