{
  "id": "OPT.COBOL.SQL_COBOL.AvoidIncludedTablesAndNotAccessed",
  "name": "Avoid Included Tables And Not Accessed",
  "severity": "HIGH",
  "category": "Other",
  "language": [
    "COBOL"
  ],
  "cwe": [],
  "description": "OPT.COBOL.SQL_COBOL.AvoidIncludedTablesAndNotAccessed",
  "risk": "{{#paragraph}}The rule assumes that the INCLUDE name is the name of the table (include names in the 'ignoredIncludes' parameter are ignored, like SQLCA). SQL statements are then checked, to look for unused tables.\nIf you do not follow this naming convention, false positives may occur. Desactivate the rule in that case.\n{{/paragraph}}\n",
  "issue": null,
  "advice": null,
  "vendor": "kiuwan"
}