{
  "id": "OPT.JAVA.SERI.DeclareContructorForExternalizable",
  "name": "Declare Contructor For Externalizable",
  "severity": "CRITICAL",
  "category": "Other",
  "language": [
    "JAVA"
  ],
  "cwe": [],
  "description": "OPT.JAVA.SERI.DeclareContructorForExternalizable",
  "risk": "{{#paragraph}}When an Externalizable object is deserialized, its constructor is invoked. If the builder does not exist, it will generate a runtime error.\n{{/paragraph}}\n",
  "issue": null,
  "advice": null,
  "vendor": "kiuwan"
}