{
  "id": "OPT.CSHARP.SEC.AccessibilitySubversionRule",
  "name": "Accessibility Subversion Rule",
  "severity": "CRITICAL",
  "category": "Permissions, privileges and access controls",
  "language": [
    "DOTNET"
  ],
  "cwe": [
    "http://cwe.mitre.org/data/definitions/284.html"
  ],
  "description": "OPT.CSHARP.SEC.AccessibilitySubversionRule",
  "risk": "{{#paragraph}}\n.Net imposes access restrictions for code in one class to access fields, methods and\nconstructors in objects of different classes (the access level specifiers with public, protected and private keywords\nenforce in code such restrictions).\n\nUsing reflection, .Net allows a programmer to get around the access control checks provided by these specifiers.\nFor example, a programmer may access a private field by using the method GetFields(BindingFlags.NonPublic).\n\nThe rule emits a security flaw when reflection is used along with the BindingFlags.NonPublic flag.\n{{/paragraph}}\n",
  "issue": null,
  "advice": null,
  "vendor": "kiuwan"
}