{
  "id": "OPT.CSHARP.OpenRedirect",
  "name": "Open Redirect",
  "severity": "HIGH",
  "category": "Injection",
  "language": [
    "DOTNET"
  ],
  "cwe": [
    "http://cwe.mitre.org/data/definitions/601.html"
  ],
  "description": "OPT.CSHARP.OpenRedirect",
  "risk": "{{#paragraph}}Avoid using unvalidated input to build the URL used in a redirect.\n\nThe rule detects a path in code between an input statement (source) and a redirect statement (sink), to an URL depending on non neutralized input.\n{{/paragraph}}\n",
  "issue": null,
  "advice": null,
  "vendor": "kiuwan"
}