{
  "id": "OPT.ABAP.SEC.InsecureRandomness",
  "name": "Insecure Randomness",
  "severity": "HIGH",
  "category": "Encryption and randomness",
  "language": [
    "ABAP"
  ],
  "cwe": [
    "https://cwe.mitre.org/data/definitions/330.html/",
    "http://cwe.mitre.org/data/definitions/338.html"
  ],
  "description": "OPT.ABAP.SEC.InsecureRandomness",
  "risk": "{{#paragraph}}\nInsecure randomness errors occur when a function that can produce predictable values is used as a source of randomness\nin a security-sensitive context: security tokens (like anti-CSRF or password-reset tokens), values used in cryptographic\noperations (session key material, initialization vector in block or stream ciphers), or password seeds.\n\nComputers are deterministic machines, and as such are unable to produce true randomness. Pseudo-Random Number Generators\n(PRNGs) approximate randomness algorithmically, starting with a seed from which subsequent values are calculated.\n\nThere are two types of PRNGs: statistical and cryptographic. Statistical PRNGs provide useful statistical properties,\nbut their output is highly predictable and forms an easy to reproduce numeric stream that is unsuitable for use\nin cases where security depends on generated values being unpredictable.\n\nCryptographic PRNGs address this problem by generating output that is more difficult to predict. For a value to be\ncryptographically secure, it must be impossible or highly improbable for an attacker to distinguish between it\nand a truly random value.\n\nIn general, if a PRNG algorithm is not advertised as being cryptographically secure, then it is probably a\nstatistical PRNG and should not be used in security-sensitive contexts, where its use can lead to serious vulnerabilities\nsuch as easy-to-guess temporary passwords, predictable cryptographic keys, or session hijacking, among others.\n\nThis rule checks for incorrect usages of common pseudo-random generators in ABAP code: Classes cl_abap_random\n(in Basis/SABP_RANDOM package) are not adequate for sensitive / cryptographic operations. In addition, it must be\nseeded correctly to make it less predictable. The rule will emit a violation when:\n- Random numbers are generated in a sensitive context (a procedure with name matching the 'pattern' parameter).\n- Seed is not provided in the create() method, or seed is either a fixed constant or an untrusted input (so\n  the sequence of numbers is either repeating, or controlled by a potential attacker).\n{{/paragraph}}\n",
  "issue": null,
  "advice": null,
  "vendor": "kiuwan"
}