{
  "id": "OPT.VBNET.SqlInjection",
  "name": "SQL Injection",
  "severity": "CRITICAL",
  "category": "Injection",
  "language": [
    "VBNET"
  ],
  "cwe": [],
  "description": "OPT.VBNET.SqlInjection",
  "risk": "{{#paragraph}}\nThe software constructs all or part of an SQL command using externally-controlled input, but it does not neutralize properly\nthat input that could modify the intended SQL command when it is sent to a database interaction method.\n{{/paragraph}}\n",
  "issue": null,
  "advice": null,
  "vendor": "kiuwan"
}