{
  "id": "OPT.CPP.MISRAC.AvoidAssignmentInBooleanExpressions",
  "name": "Avoid Assignment In Boolean Expressions",
  "severity": "MEDIUM",
  "category": "Other",
  "language": [
    "CPP"
  ],
  "cwe": [],
  "description": "OPT.CPP.MISRAC.AvoidAssignmentInBooleanExpressions",
  "risk": "{{#paragraph}}Assignment operators shall not be used in expressions that yield a boolean value.\n\nNo assignments are permitted in any expression which is considered to have a boolean value.\nThis precludes the use of both simple and compound assignment operators in the operands of a boolean-valued expression. However, it does not preclude assigning a boolean value to a variable.\n\nPlease note that usage of compound assignment operators (like ^=) in expressions that should yield a boolean value is banned.\n{{/paragraph}}\n",
  "issue": null,
  "advice": null,
  "vendor": "kiuwan"
}