{
  "id": "OPT.C.CERTC.ARR38",
  "name": "Adding or subtracting an integer to a pointer if resulting value does not refer to a valid array element",
  "severity": "CRITICAL",
  "category": "Buffer handling",
  "language": [
    "C"
  ],
  "cwe": [
    "https://cwe.mitre.org/data/definitions/129.html"
  ],
  "description": "OPT.C.CERTC.ARR38",
  "risk": "{{#paragraph}}Do not add or subtract an integer to a pointer if the resulting value does not refer to an element within the array (or to the nonexistent element just after the last element of the array).\n\nAccording to C99, Section 6.5.6: \"If both the pointer operand and the result point to elements of the same array object, or one past the last element of the array object, the evaluation shall not produce an overflow; otherwise, the behavior is undefined.\nIf the pointer resulting from the addition (or subtraction) is outside of the bounds of the array, an overflow has occurred and the result is undefined\".\n\nIf the pointer resulting from the addition (or subtraction) is outside of the bounds of the array, an overflow has occurred and the result is undefined. See code example for some non-compliant pointer usages.\n\nNOTE: This is a partial implementation of ARR38 rule. Only array dereferences are checked. See code example for more details.\n{{/paragraph}}\n",
  "issue": null,
  "advice": null,
  "vendor": "kiuwan"
}