{
  "id": "OPT.ABAP.APFR.NoCheckOrContinueWithinSelectLoops",
  "name": "No Check Or Continue Within Select Loops",
  "severity": "MEDIUM",
  "category": "Other",
  "language": [
    "ABAP"
  ],
  "cwe": [],
  "description": "OPT.ABAP.APFR.NoCheckOrContinueWithinSelectLoops",
  "risk": "{{#paragraph}}\nUsing CHECK, EXIT or CONTINUE statements inside a SELECT ... ENDSELECT loop can be very inefficient.\n\nFiltering data in WHERE clause with the conditions on the rows to process, when possible, is much more efficient than CHECK or IF ... CONTINUE.\nEXIT statement in SELECT body could probably be replaced by SELECT SINGLE or SELECT ... UP TO 1 ROW.\n\nAs a general rule, use as much columns as possible in WHERE clause (column = value conditions are better): it is more probable\nthat the database engine will use an index, and less rows are typically returned, which means less traffic between database\nand SAP server, and less iterations on the implicit cursor used for executing statements in the SELECT body.\n{{/paragraph}}\n",
  "issue": null,
  "advice": null,
  "vendor": "kiuwan"
}