{
  "id": "OPT.JAVASCRIPT.VUE.VueForWithoutKey",
  "name": "Vue For Without Key",
  "severity": "HIGH",
  "category": "Other",
  "language": [
    "JAVASCRIPT"
  ],
  "cwe": [],
  "description": "OPT.JAVASCRIPT.VUE.VueForWithoutKey",
  "risk": "{{#paragraph}}\nThe key attribute with v-for is always required on components, in order to maintain internal component state down the subtree.\nEven for elements though, it's a good practice to maintain predictable behavior, such as object constancy in animations.\n\nWhen updating the DOM, Vue will optimize rendering to perform the cheapest DOM mutations possible.\nThat might mean deleting the first todo element, then adding it again at the end of the list.\n\nA problem happens when it is important not to delete elements that will remain in the DOM. For example,\nyou may want to use <transition-group> to animate list sorting, or maintain focus if the rendered element is an <input>.\nIn these cases, adding a unique key for each item (e.g. :key=\"todo.id\") will tell Vue how to behave more predictably.\n\nIt is better to always add a unique key, so that you and your team simply never have to worry about these edge cases.\n\nExceptions: The rule allows <template> and <slot> elements when the :key attribute is placed in a child,\nor elements with v-is or v-bind:is or is attribute (using dynamic components).\n{{/paragraph}}\n",
  "issue": null,
  "advice": null,
  "vendor": "kiuwan"
}