{
  "id": "OPT.PYTHON.MAINTAINABILITY.MultipleImportsOneLine",
  "name": "Multiple Imports One Line",
  "severity": "NOTE",
  "category": "Other",
  "language": [
    "PYTHON"
  ],
  "cwe": [],
  "description": "OPT.PYTHON.MAINTAINABILITY.MultipleImportsOneLine",
  "risk": "{{#paragraph}}More than one import in the same line make more difficult the readability, debugging and code maintainability.\nDespite more than one import in the same line are permitted by python interpreter, using them are discouraged from PEP8.\n{{/paragraph}}\n",
  "issue": null,
  "advice": null,
  "vendor": "kiuwan"
}