{
  "id": "OPT.JAVASCRIPT.AvoidObjectInstantiationIntoLoops",
  "name": "Avoid Object Instantiation Into Loops",
  "severity": "HIGH",
  "category": "Other",
  "language": [
    "JAVASCRIPT"
  ],
  "cwe": [],
  "description": "OPT.JAVASCRIPT.AvoidObjectInstantiationIntoLoops",
  "risk": "{{#paragraph}}Instantiating temporal objects into loop bodies should be avoided except those used to\nfill a collection or as a function argument.\n\nThis rule reports violation when a new object is instantiated into a loop and it is not used to fill a collection nor\nas a function argument.\n{{/paragraph}}\n",
  "issue": null,
  "advice": null,
  "vendor": "kiuwan"
}