{
  "id": "OPT.CSHARP.Csharp.OverridingEqualsAndGetHashCode",
  "name": "Overriding Equals And Get Hash Code",
  "severity": "CRITICAL",
  "category": "Design error",
  "language": [
    "DOTNET"
  ],
  "cwe": [],
  "description": "OPT.CSHARP.Csharp.OverridingEqualsAndGetHashCode",
  "risk": "{{#paragraph}}Ensures that types that override GetHashCode method must also override Equals method and vice-versa, to guarantee that two objects considered as equals have the same hash code.\n{{/paragraph}}\n",
  "issue": null,
  "advice": null,
  "vendor": "kiuwan"
}