{
  "id": "OPT.JAVA.MEM.AvoidRunFinalization",
  "name": "Avoid Run Finalization",
  "severity": "MEDIUM",
  "category": "Other",
  "language": [
    "JAVA"
  ],
  "cwe": [],
  "description": "OPT.JAVA.MEM.AvoidRunFinalization",
  "risk": "{{#paragraph}}Runtime.runFinalization () is used with Runtime.gc() to request garbage collection from the JVM. Since the JVM uses sophisticated algorithms to determine what and when to perform garbage collection it is not recommended to manually invoke garbage collection.\n{{/paragraph}}\n",
  "issue": null,
  "advice": null,
  "vendor": "kiuwan"
}