{
  "id": "OPT.C.MISRAC.FloatImplicitConversions",
  "name": "Float Implicit Conversions",
  "severity": "MEDIUM",
  "category": "Other",
  "language": [
    "C"
  ],
  "cwe": [],
  "description": "OPT.C.MISRAC.FloatImplicitConversions",
  "risk": "{{#paragraph}}The rule checks that no illegal implicit conversions take place on floating-point values.\n\nThe only allowed conversions are:\n- A conversion to a wider floating-point type.\n- A constant expression used as function call argument, or return expression.\n\nSpecifically, the following implicit conversions are forbidden:\n- Any conversion between floating and integer types.\n- Any implicit conversion from wider to narrower types.\n- Any implicit conversion of function arguments.\n- Any implicit conversion of function return expressions to the function return type.\n- Any implicit conversions of complex expressions.\n\nThe rule detects dangerous implicit conversions between floating-point types. See code example for more details.\nPlease read section 6.10 Arithmetic type conversions of the MISRA-C:2004 guidelines.\n{{/paragraph}}\n",
  "issue": null,
  "advice": null,
  "vendor": "kiuwan"
}