{
  "id": "OPT.JAVA.SEC_JAVA.UnsafeCookieRule",
  "name": "Unsafe Cookie Rule",
  "severity": "MEDIUM",
  "category": "Misconfiguration",
  "language": [
    "JAVA"
  ],
  "cwe": [
    "http://cwe.mitre.org/data/definitions/200.html"
  ],
  "description": "OPT.JAVA.SEC_JAVA.UnsafeCookieRule",
  "risk": "{{#paragraph}}Checks that cookies generated in server side have the following security properties:\n\n    * Non persistent - Cookie is not stored persistently by the browser (it is hold in memory)\n    * HttpOnly - Cookie is not accessible by client-side scripts (not all browsers support this)\n    * Secure - Cookie is sent in HTTP/SSL communications only (more difficult to capture on the net)\n    * Path - Path should not match a certain patterns that allow transmission to unintended web applications.\n    * Domain - Domain should not be too wide so the cookie is sent to unintended servers.\n\n    HttpOnly, for example, could mitigate some CSRF (cross-site request forgery) issues as it makes\n    more difficult for the attacker to capture sensitive cookies from client-side code generated by\n    exploiting an XSS vulnerability in a web application.\n\n    Other rules (like SEC_JAVA.HttpSplitting) check other conditions, like HTTP Splitting, that could be\n    produced when the cookie value depends on user-controlled input non properly neutralized.\n\n    NOTE: forceHttpOnly property should be set only if Java code uses Java6 (in previous versions, the\n    Cookie.setHttpOnly(boolean) method does not exist, and httpOnly flag for cookies can only be set\n    by application server configuration, see https://www.owasp.org/index.php/HttpOnly. Under Java5-,\n    do not set forceHttpOnly to true as this cannot be set in code.\n\n    NOTE2: Not setting domain or path forces browser to send the cookie to the originator's domain and\n    application path, so this is considered secure.\n{{/paragraph}}\n",
  "issue": null,
  "advice": null,
  "vendor": "kiuwan"
}