{
  "id": "OPT.ABAP.AGR.CallTx",
  "name": "Call Tx",
  "severity": "HIGH",
  "category": "Misconfiguration",
  "language": [
    "ABAP"
  ],
  "cwe": [],
  "description": "OPT.ABAP.AGR.CallTx",
  "risk": "{{#paragraph}}\nAvoid calling transactions corresponding to a certain SAP module.\n\nAll transactions for all modules are searched by default.\nWhen callTx* configuration property for matching SAP module is set to false, calls to its transactions are allowed.\n{{/paragraph}}\n",
  "issue": null,
  "advice": null,
  "vendor": "kiuwan"
}