{
  "id": "OPT.JAVA.STR.AvoidStringConcat",
  "name": "Avoid String Concat",
  "severity": "MEDIUM",
  "category": "Other",
  "language": [
    "JAVA"
  ],
  "cwe": [],
  "description": "OPT.JAVA.STR.AvoidStringConcat",
  "risk": "{{#paragraph}}Avoid + operator (or += in assignments) for String concatenation. Instead, use a mutable StringBuffer / StringBuilder and the append() method.\n\nNOTE: Concatenation of String literals is ignored, as the compiler performs the concatenation and no runtime overhead is added.\n\nNOTE 2: In recent Java versions, compiler already replaces string concatenation by instantion or StringBuilder plus append() calls,\nso the rule may not be relevant.\n{{/paragraph}}\n",
  "issue": null,
  "advice": null,
  "vendor": "kiuwan"
}