{
  "id": "OPT.VBNET.VBnet.TestForEmptyStringsUsingLength",
  "name": "Test For Empty Strings Using Length",
  "severity": "LOW",
  "category": "Other",
  "language": [
    "VBNET"
  ],
  "cwe": [],
  "description": "OPT.VBNET.VBnet.TestForEmptyStringsUsingLength",
  "risk": "{{#paragraph}}A string is compared to the empty string by using 'Equals'.\n\nComparing strings using 'Length' property is significantly faster than using 'Equals'.\nThis is because 'Equals' executes significantly more MSIL instructions than the number of instructions executed to retrieve the 'Length' property value and compare it to zero.\n\nYou should be aware that 'Equals' and 'Length = 0' behave differently for null strings.\nIf you try to get the value of the 'Length' property on a null string, the common language runtime throws a System.NullReferenceException. If you perform a comparison between a null string and the empty string, the common language runtime does not throw an exception; the comparison returns false.\nTesting for null does not significantly affect the relative performance of these two approaches.\n{{/paragraph}}\n",
  "issue": null,
  "advice": null,
  "vendor": "kiuwan"
}