{
  "id": "OPT.CSHARP.Csharp.NestedTypesShouldNotBeVisible",
  "name": "Nested Types Should Not Be Visible",
  "severity": "MEDIUM",
  "category": "Other",
  "language": [
    "DOTNET"
  ],
  "cwe": [],
  "description": "OPT.CSHARP.Csharp.NestedTypesShouldNotBeVisible",
  "risk": "{{#paragraph}}A nested type is a type declared within the scope of another type. Nested types are useful for encapsulating private implementation details of the containing type. Used for this purpose, nested types should not be externally visible.\n\nDo not use externally visible nested types for logical grouping or to avoid name collisions; instead, use namespaces.\nNested types include the notion of member accessibility, which some programmers do not understand clearly.\nProtected types can be used in subclasses and nested types in advance customization scenarios.\n{{/paragraph}}\n",
  "issue": null,
  "advice": null,
  "vendor": "kiuwan"
}