{
  "id": "OPT.JAVASCRIPT.ANGULARJS.NgSrcWhenUsingExpressions",
  "name": "Ng Src When Using Expressions",
  "severity": "HIGH",
  "category": "Other",
  "language": [
    "JAVASCRIPT"
  ],
  "cwe": [],
  "description": "OPT.JAVASCRIPT.ANGULARJS.NgSrcWhenUsingExpressions",
  "risk": "{{#paragraph}}\nWhen including an AngularJS expression within text of source for an image, ng-src attribute must be used.\n\nThe reason is that when using src, the browser will make a request to load the image before expression has been replaced.\n\nSo, with an image like this:\n  <img src=\"http://myimages.foo.com/{{myImage}}\" alt=\"myImage\"/>\nthe browser will make a request to http://myimages.foo.com/{{myImage}}, and only when AngularJS replaces the expression\na valid request will be performed.\n{{/paragraph}}\n",
  "issue": null,
  "advice": null,
  "vendor": "kiuwan"
}