{
  "id": "OPT.JAVASCRIPT.AvoidArguments",
  "name": "Avoid Arguments",
  "severity": "LOW",
  "category": "Other",
  "language": [
    "JAVASCRIPT"
  ],
  "cwe": [],
  "description": "OPT.JAVASCRIPT.AvoidArguments",
  "risk": "{{#paragraph}}\nThe arguments object is an array-like object corresponding to all arguments passed to a function.\nIn calls to functions, you may pass any number of arguments, and use the arguments object in the function body\nto process a variable number of arguments, even when the arguments passed do not match the function formal parameters.\n\nThe expected arguments inside functions that do not declare them may be confusing to callers. When the arguments object\nis processed in a function body, callers may need to read the code to fully understand how arguments are processed.\nProper documentation for the function should be needed for proper understanding of the expected arguments.\n\nSince ES2015, it is better to use the 'rest parameter' syntax, ...param, to represent an indefinite number of\narguments, which is a real Array with all expected methods (map, forEach, pop...). This is clearer for callers,\nwith proper and 'rest' parameters clearly differentiated.\n\nIf with a language version lower than ES2015, it could be better to pass variable arguments as an array,\nof all arguments as an structured object, with its expected parts properly documented.\n{{/paragraph}}\n",
  "issue": null,
  "advice": null,
  "vendor": "kiuwan"
}