{
  "id": "OPT.CPP.AvoidGlobalVars",
  "name": "Avoid Global Vars",
  "severity": "MEDIUM",
  "category": "Other",
  "language": [
    "CPP"
  ],
  "cwe": [],
  "description": "OPT.CPP.AvoidGlobalVars",
  "risk": "{{#paragraph}}\nAvoid using global variables because they are activated in all the code and could be modified from anywhere.\nGlobal var abuse is a bad practice, and could lead to logical errors, difficult to fix.\n\nThe rule reports a violation on each global variable declaration found.\n\nExceptions: Const declarations, extern declarations, static var declarations (when admitStaticGlobalVars=true),\nand initializations for static class member fields (when admitStaticClassMembers=true).\n{{/paragraph}}\n",
  "issue": null,
  "advice": null,
  "vendor": "kiuwan"
}