{
  "id": "OPT.PYTHON.EFFICIENCY.PotentialClassOrStaticMethod",
  "name": "Potential Class Or Static Method",
  "severity": "LOW",
  "category": "Other",
  "language": [
    "PYTHON"
  ],
  "cwe": [],
  "description": "OPT.PYTHON.EFFICIENCY.PotentialClassOrStaticMethod",
  "risk": "{{#paragraph}}A method not using any instance field can be considered independent from the class. Those\nmethods should be annotated with @staticmethod, or @classmethod when they need the class as argument.\n\nUsing this annotation will let the interpreter to produce more efficient code.\n\nThese methods can be also extracted from the class to another module due to they are not linked with it.\n{{/paragraph}}\n",
  "issue": null,
  "advice": null,
  "vendor": "kiuwan"
}