{
  "id": "OPT.JAVA.RGM.UST",
  "name": "Use StringTokenizer instead of indexOf() or substring() for String parsing",
  "severity": "MEDIUM",
  "category": "Other",
  "language": [
    "JAVA"
  ],
  "cwe": [],
  "description": "OPT.JAVA.RGM.UST",
  "risk": "{{#paragraph}}Do not use String.indexOf() or String.substring().\n\nNOTE:If the algorithm implemented by the method is not String parsing, then StringTokenizer cannot be used and this rules error message should be ignored.\n\nNOTE 2: the rule will show only one violation per analyzed method.\n{{/paragraph}}\n",
  "issue": null,
  "advice": null,
  "vendor": "kiuwan"
}