{
  "id": "OPT.JAVASCRIPT.PORTABILITY.AvoidNonPortableMethods",
  "name": "Avoid Non Portable Methods",
  "severity": "HIGH",
  "category": "Other",
  "language": [
    "JAVASCRIPT"
  ],
  "cwe": [],
  "description": "OPT.JAVASCRIPT.PORTABILITY.AvoidNonPortableMethods",
  "risk": "{{#paragraph}}This rule checks a list of functions that may not be supported in old browser versions, Internet Explorer in particular (for example: shift(), watch(), unshift(), pop(), push(), unwatch()).\n{{/paragraph}}\n",
  "issue": null,
  "advice": null,
  "vendor": "kiuwan"
}