{
  "id": "OPT.SCALA.SECURITY.RegexInjection",
  "name": "Regex Injection",
  "severity": "CRITICAL",
  "category": "Injection",
  "language": [
    "SCALA"
  ],
  "cwe": [
    "https://cwe.mitre.org/data/definitions/400.html"
  ],
  "description": "OPT.SCALA.SECURITY.RegexInjection",
  "risk": "{{#paragraph}}If the software creates a regular expression (\"pattern\", \"regex\") from untrusted input, an attacker may supply\nmalicious input that produces a denial-of-service (DoS) condition during regular expression matching.\n\nAlternatively, if the regular expression is used for input validation, the attacker-controlled regular expression\nmay fail to neutralize undesired input, which may bypass the intended restrictions or render useless\na security control.\n\nIn Java, the java.util.regex.Pattern class, and a few methods in java.lang.String class, provide\nan API to regular expressions. The regular expression engine uses backtracking to match input strings,\nand there are certain regular expressions (named \"evil regexes\") that take exponential time (relative to input size)\nto match in the worst case.\n\nIf the attacker controls also the input to be matched, he/she could craft an input for the evil regex that\ntakes an inordinate amount of time to match, consuming resources (like CPU).\nEvil regex typically has a group with repetition, and the repeated group has repetition or alternation with overlapping.\nFor example: \"(a+)+\", \"([a-z]+)*\", \"(a|aa)+\" or \"(aa|aab?)*\".\n\nFor example, a \"(a+)+\" regex will take long computing time when matching \"aaaaaaaaaaaaaaaaaaaaaaaaaaaaaa!\"\ntakes many seconds to complete, and longer strings (with exponential time increase) may lead to DoS conditions.\n\nPlease note that regular expressions are often used for security controls and input validation.\nEven OWASP validation regex repository contained some known evil regular expressions.\nNote: Attackers may use tools like Google CodeSearch to find evil regex in open-source code ('CodeSearch hacking').\n\nThe rule checks for potential injection of untrusted input into regex APIs.\n\nNote: Attacks like ReDoS are named \"directed/intelligent/application\" DoS, as an attacker with few resources\ncould render unavailable a web application, in contrast with brute-force DoS.\n{{/paragraph}}\n",
  "issue": null,
  "advice": null,
  "vendor": "kiuwan"
}