{
  "id": "OPT.KOTLIN.ANDROID.PrivilegeEscalationAttack",
  "name": "Privilege Escalation Attack",
  "severity": "CRITICAL",
  "category": "Permissions, privileges and access controls",
  "language": [
    "KOTLIN"
  ],
  "cwe": [
    "https://cwe.mitre.org/data/definitions/275.html"
  ],
  "description": "OPT.KOTLIN.ANDROID.PrivilegeEscalationAttack",
  "risk": "{{#paragraph}}\nAndroid allows checking application permissions in several ways. Two from these ways are using the calls\ncheckCallingOrSelfPermission y checkCallingOrSelfUriPermission.\n\nIf an application A restricts the execution of a block of code by using one of these checks, and other application B tries\nto execute that code, then even when the B application doesn't have enough privileges to execute it, it will be executed\nanyway if the A application is allowed to do it, producing an privilege escalation attack.\n\nIn example if the checkCallingPermission function is used, then the execution of the code only will be performed when the\nB application has enough privileges to do it.\n{{/paragraph}}\n",
  "issue": null,
  "advice": null,
  "vendor": "kiuwan"
}