{
  "id": "OPT.CPP.MISRAC.ExplicitCheckAgainstZero",
  "name": "Explicit Check Against Zero",
  "severity": "NOTE",
  "category": "Other",
  "language": [
    "CPP"
  ],
  "cwe": [],
  "description": "OPT.CPP.MISRAC.ExplicitCheckAgainstZero",
  "risk": "{{#paragraph}}Where a data value is to be tested against zero (logical false, or NULL for pointers) then the test should be made explicit.\nThe exception to this rule is when a data represents an EXPLICIT boolean value (typically an integer: in C, zero is false, while non-zero is true).\nThis rule is in the interests of clarity, and makes clear the distinction between integers and logical values.\n\nNote: only since C99 the C standard includes a _Bool or bool type, you could register in the 'boolTypes' property the types that in your system should be considered as boolean.\n\nSee \"Boolean Expressions\" in the Misra-C:2004 Glossary.\n{{/paragraph}}\n",
  "issue": null,
  "advice": null,
  "vendor": "kiuwan"
}