{
  "id": "OPT.JAVA.RECBAS.AvoidCallContextFromServlet",
  "name": "Avoid Call Context From Servlet",
  "severity": "CRITICAL",
  "category": "Other",
  "language": [
    "JAVA"
  ],
  "cwe": [],
  "description": "OPT.JAVA.RECBAS.AvoidCallContextFromServlet",
  "risk": "{{#paragraph}}No CPU intensive operation or with blocking potential should be called from the finalize() method.\nThe finalize() method is executed by the garbage collector and for that reason no complex tasks should be executed.\n{{/paragraph}}\n",
  "issue": null,
  "advice": null,
  "vendor": "kiuwan"
}