{
  "id": "OPT.PHP.CounterFunctionsInLoops",
  "name": "Counter Functions In Loops",
  "severity": "MEDIUM",
  "category": "Other",
  "language": [
    "PHP"
  ],
  "cwe": [],
  "description": "OPT.PHP.CounterFunctionsInLoops",
  "risk": "{{#paragraph}}Do not use counter functions in loop expressions.\n\nDo not use functions like count() running in the iteration.\nIf the function is calculated outside the loop, it increases speed about 600% relative to the initial coding.\n{{/paragraph}}\n",
  "issue": null,
  "advice": null,
  "vendor": "kiuwan"
}