{
  "id": "OPT.COBOL.SQL_COBOL.OptimizeVarcharMoves",
  "name": "Optimize Varchar Moves",
  "severity": "HIGH",
  "category": "Other",
  "language": [
    "COBOL"
  ],
  "cwe": [],
  "description": "OPT.COBOL.SQL_COBOL.OptimizeVarcharMoves",
  "risk": "{{#paragraph}}\nAny MOVE to a VARCHAR field should be preceded by a MOVE to the length subfield, according to the EXEC SQL\nbest practices for handling VARCHAR columns. The length subfield will be used by the SQL processor to tell\nthe database the exact length of the VARCHAR field.\n\nThis strategy avoids storing extra spaces padding the full column size, which may cause unexpected errors\nin queries using WHERE conditions on the VARCHAR field.\n\nNote: The rule ignores MOVE statements in programs not containing EXEC SQL statements.\n{{/paragraph}}\n",
  "issue": null,
  "advice": null,
  "vendor": "kiuwan"
}