{
  "id": "OPT.PYTHON.SECURITY.ServerSideRequestForgery",
  "name": "Server Side Request Forgery",
  "severity": "HIGH",
  "category": "Injection",
  "language": [
    "PYTHON"
  ],
  "cwe": [
    "http://cwe.mitre.org/data/definitions/918.html"
  ],
  "description": "OPT.PYTHON.SECURITY.ServerSideRequestForgery",
  "risk": "{{#paragraph}}\nA server side request forgery vulnerability appears when an attacker can send requests from a vulnerable server to remote services.\n\nSSRF attacks allow accessing, through the vulnerable server, to internal systems located behind a firewall,\nthat normally should not be accessible.\n\nThere are two kinds of SSRF attacks:\n- Trusted SSRF: we just can send requests to a list of predefined remote services.\n- Remote SSRF: we can send requests to any remote IP and port.\n\nSSRF attacks are commonly used for port scanning and attacking systems from the internal network.\n\nThis rule checks if there are connections established using untrusted input data.\n{{/paragraph}}\n",
  "issue": null,
  "advice": null,
  "vendor": "kiuwan"
}