{
  "id": "OPT.PHP.DoNotUseDefaultSessionCookiesName",
  "name": "Do Not Use Default Session Cookies Name",
  "severity": "LOW",
  "category": "Misconfiguration",
  "language": [
    "PHP"
  ],
  "cwe": [],
  "description": "OPT.PHP.DoNotUseDefaultSessionCookiesName",
  "risk": "{{#paragraph}}\nIt is recommended to change the default name used for the session cookie to a specific name for each application.\nThe default name \"PHPSESSID\" used for session cookies must not be used.\n{{/paragraph}}\n",
  "issue": null,
  "advice": null,
  "vendor": "kiuwan"
}