{
  "id": "OPT.JAVA.DECLARA.OCC",
  "name": "Checks code organization inside a .java file",
  "severity": "NOTE",
  "category": "Other",
  "language": [
    "JAVA"
  ],
  "cwe": [],
  "description": "OPT.JAVA.DECLARA.OCC",
  "risk": "{{#paragraph}}For a quick understanding of source code (remember, 'code is written once but read thousands'), a proper organization is necessary, mainly with large codebases.\nA recommended structure could be something like the following:\n\n- Codefile comments\n\n- package declaration - imports declaration\n\n- Class JavaDoc\n\n- class { - Constants declarations (static final attributes) - Class/instance attributes - Constructors - Methods grouped by functionality - Setters/Getters }\n\nIf this order is not followed (including JavaDoc comments), the rule emits a violation for the code file.\nOnly one violation will be show per file.\n{{/paragraph}}\n",
  "issue": null,
  "advice": null,
  "vendor": "kiuwan"
}