{
  "id": "OPT.JSP.CFFJSP.NUSO",
  "name": "Use of repoeated data in option lists",
  "severity": "MEDIUM",
  "category": "Other",
  "language": [
    "JSP"
  ],
  "cwe": [],
  "description": "OPT.JSP.CFFJSP.NUSO",
  "risk": "{{#paragraph}}Remind than you can use custom tag from Option lists instead using combos with static and repeated data.\nOption list is used to read-only fix data.Elements from the list will be in the browser cache once the combo is downloaded.\nIn this way data will not have to be transferred with the combo list every time is used.\n{{/paragraph}}\n",
  "issue": null,
  "advice": null,
  "vendor": "kiuwan"
}