{
  "id": "OPT.VBNET.VBnet.DeclareTypesInNamespaces",
  "name": "Declare Types In Namespaces",
  "severity": "MEDIUM",
  "category": "Other",
  "language": [
    "VBNET"
  ],
  "cwe": [],
  "description": "OPT.VBNET.VBnet.DeclareTypesInNamespaces",
  "risk": "{{#paragraph}}\nA public or protected class or interface is defined outside the scope of a named namespace.\n\nTypes are declared in namespaces to prevent name collisions, and as a way to organize related types in an object hierarchy.\nTypes that are outside any named namespace are in a global namespace that cannot be referenced in code.\n{{/paragraph}}\n",
  "issue": null,
  "advice": null,
  "vendor": "kiuwan"
}