{
  "id": "OPT.CSHARP.Csharp.DoNotRaiseExceptionsInUnexpectedLocations",
  "name": "Do Not Raise Exceptions In Unexpected Locations",
  "severity": "LOW",
  "category": "Error handling and fault isolation",
  "language": [
    "DOTNET"
  ],
  "cwe": [],
  "description": "OPT.CSHARP.Csharp.DoNotRaiseExceptionsInUnexpectedLocations",
  "risk": "{{#paragraph}}\nMethods that are not expected to throw exceptions can be categorized as follows:\n\n- Get Property method: properties are essentially smart fields, so they should behave like fields.\n  If fields do not launch exceptions, then neither should properties. If your property throws an exception,\n  you should consider making it a method. However, there are certain exceptions allowed to be thrown from a Property.\n  A list of them is defined in the 'allowedExceptions' parameter.\n\n- Events accessors (Add and Remove methods): event accessor should be simple operations, not throwing exceptions.\n  An event should not throw exceptions when trying to add / remove an event handler.\n  However, there are certain exceptions allowed to be thrown from event accessors. A list of them is defined in the 'allowedExceptions' parameter.\n  \n- 'Equals' method: the Equals method should return true or false instead of launch an exception.\n  For example, if the method receives arguments of non-matching types should return false instead of throw an ArgumentException.\n  \n- 'GetHashCode' method: the GetHashCode method should return a value. Otherwise you can lose items from a hash table.\n  The version of the method which admits arguments is allowed to throw the ArgumentException.\n\n- 'ToString' method: The debugger uses Object.ToString to help display information about objects in string format.\n  Therefore, ToString should not change the state of an object and it should not throw exceptions.\n\n- Static constructors: Throwing exceptions from a static constructor causes the type to be unusable in the current application domain.\n  You should have a very good reason (such as a security issue) for throwing an exception from a static constructor.\n\n- Finalizers: throw exceptions from finalize causes CLR to fail, which ends the process, so you should avoid\n  throwing exceptions from finalize methods.\n\n- Dispose methods: Dispose method is called as part of the cleanup logic in a finally clause. Therefore, explicitly throwing an exception\n  from Dispose forces the user to add exception handling inside the finally clause.\n\n- Equality operators (==, !=): like Equals method, equality operators should return true or false and never throw an exception.\n\n- Implicit cast operator: Because the user is often unaware that an implicit cast operator has been called, an exception thrown\n  by the implicit cast operator is completely unexpected. Therefore, no exceptions should be thrown from implicit cast operators.\n{{/paragraph}}\n",
  "issue": null,
  "advice": null,
  "vendor": "kiuwan"
}