{
  "id": "OPT.JAVA.CMETRICS.NOM",
  "name": "Maximum allowed number of methods",
  "severity": "HIGH",
  "category": "Other",
  "language": [
    "JAVA"
  ],
  "cwe": [],
  "description": "OPT.JAVA.CMETRICS.NOM",
  "risk": "{{#paragraph}}The number of methods in a class indicate the amount of funcionality implemented by a class.A great amount of methods implies a bad responsability amount for that class.\nThe rule is parameterizable: [maxMetodos] max number of methods per class, by default it will be 30.\nNOTE: This rule does not count implicitly or explicitly declared default constructors.\n{{/paragraph}}\n",
  "issue": null,
  "advice": null,
  "vendor": "kiuwan"
}