{
  "id": "OPT.PHP.ThrowingException",
  "name": "Throwing Exception",
  "severity": "HIGH",
  "category": "Other",
  "language": [
    "PHP"
  ],
  "cwe": [],
  "description": "OPT.PHP.ThrowingException",
  "risk": "{{#paragraph}}Avoid throwing the Exception base class, or other exception superclass. The more specific the exception, the better it communicates to other parts of the software what happened, and better error handling could be performed.\n\nYou may specify in the 'notThrowableExceptions' property the list of exception classes that should not be thrown.\n{{/paragraph}}\n",
  "issue": null,
  "advice": null,
  "vendor": "kiuwan"
}