{
  "id": "OPT.GO.SECURITY.ForbiddenCall",
  "name": "Forbidden Call",
  "severity": "CRITICAL",
  "category": "Other",
  "language": [
    "GO"
  ],
  "cwe": [],
  "description": "OPT.GO.SECURITY.ForbiddenCall",
  "risk": "{{#paragraph}}\nFunctions that cannot be used safely should not called in application code.\n\nDangerous functions typically contains operations that step around the type safety of Go programs. Packages that import\nunsafe package may be non-portable and are not protected by the Go compatibility guidelines.\n\nForbidden functions are listed in the 'forbiddenCalls' property. Calls to any of these functions will be reported.\n{{/paragraph}}\n",
  "issue": null,
  "advice": null,
  "vendor": "kiuwan"
}