{
  "id": "OPT.ASPNET.HeaderValidationMisconfiguration",
  "name": "Header Validation Misconfiguration",
  "severity": "HIGH",
  "category": "Injection",
  "language": [
    "ASPNET"
  ],
  "cwe": [
    "https://cwe.mitre.org/data/definitions/113.html"
  ],
  "description": "OPT.ASPNET.HeaderValidationMisconfiguration",
  "risk": "{{#paragraph}}\nAn in-depth HTTP headers validation helps to prevent attacks based on headers manipulation, such as HTTP Response Splitting.\n\nIn ASP .NET framework two configurations related to HTTP header validation can be set up in Web.config file:\n\n- Ignore HTTP headers parsing errors (useUnsafeHeaderParsing attribute of httpWebRequest element with true value).\n- Diable HTTP headers verification (enableHeaderChecking attribute of httpRuntime element with false value).\n\nThis rule emits a violation when finds any of these configurations.\n{{/paragraph}}\n",
  "issue": null,
  "advice": null,
  "vendor": "kiuwan"
}