{
  "id": "OPT.ABAP.APFR.SelectIntoInsteadOfSelectAppending",
  "name": "Select Into Instead Of Select Appending",
  "severity": "LOW",
  "category": "Other",
  "language": [
    "ABAP"
  ],
  "cwe": [],
  "description": "OPT.ABAP.APFR.SelectIntoInsteadOfSelectAppending",
  "risk": "{{#paragraph}}SELECT + INTO TABLE is much faster than SELECT + APPENDING. But remember that their semantics are distinct: SELECT ... INTO empties the target table before adding the rows fetched, while APPENDING adds the rows fetched, leaving the current rows in the target table.\nThis rule flags any SELECT ... APPENDING sentence, to let programmers review the statement and check if INTO could replace APPENDING..\n{{/paragraph}}\n",
  "issue": null,
  "advice": null,
  "vendor": "kiuwan"
}