{
  "id": "OPT.ASPNET.UnprotectedRolesInCookies",
  "name": "Unprotected Roles In Cookies",
  "severity": "HIGH",
  "category": "Misconfiguration",
  "language": [
    "ASPNET"
  ],
  "cwe": [],
  "description": "OPT.ASPNET.UnprotectedRolesInCookies",
  "risk": "{{#paragraph}}ASP.Net v2 added a new role manager feature for managing roles in a standard way.\nThat feature allows to cache roles in a client-side cookie (\"roles cookie\").\nIf the roles cookie is not protected, an attacker may capture it by sniffing traffic\n(when not sent under SSL), or by reading (or even modifying) cookies stored in a shared browser.\n\nThe framework added (configurable) mechanisms to protect the roles cookie.\nThis rule checks, when roles cached in cookie, that the roles cookie is adequately\nprotected, as documented in the \"Security Guidelines: ASP.NET 2.0\", section \"Protect your authorization cookie\".{{/paragraph}}",
  "issue": null,
  "advice": null,
  "vendor": "kiuwan"
}