{
  "id": "OPT.C.CERTC.ARR33",
  "name": "Guarantee that copies are made into storage of sufficient size",
  "severity": "HIGH",
  "category": "Buffer handling",
  "language": [
    "C"
  ],
  "cwe": [
    "https://cwe.mitre.org/data/definitions/119.html",
    "https://cwe.mitre.org/data/definitions/131.html",
    "https://cwe.mitre.org/data/definitions/676.html"
  ],
  "description": "OPT.C.CERTC.ARR33",
  "risk": "{{#paragraph}}Copying data into an array that is not large enough to hold that data results in a buffer overflow.\nTo prevent such errors, data copied to the destination array must be restricted based on the size of the destination array, or, preferably, the destination array must be guaranteed to be large enough to hold the data to be copied.\n\nImproper use of functions that limit copies with a size specifier, such as memcpy(), may result in a buffer overflow.\n\nNote: Other rules check storage for blocks of character data, like STR31-C \"Guarantee that storage for strings has sufficient space for character data and the null terminator\". This rule only checks for memory copy functions, like memcpy() or memmove().\n{{/paragraph}}\n",
  "issue": null,
  "advice": null,
  "vendor": "kiuwan"
}