{
  "id": "OPT.COBOL.OYR_COBOL.NDIS",
  "name": "Avoid arithmetic operations on DISPLAY variables",
  "severity": "NOTE",
  "category": "Other",
  "language": [
    "COBOL"
  ],
  "cwe": [],
  "description": "OPT.COBOL.OYR_COBOL.NDIS",
  "risk": "{{#paragraph}}DISPLAY variables are intended for data presentation.\n\nWhen used in arithmetic operations, compiler converts them to a numeric format, performs computation, and possibly converts again for display format.\n{{/paragraph}}\n",
  "issue": null,
  "advice": null,
  "vendor": "kiuwan"
}