{
  "id": "OPT.PHP.DoNotUseErrorSuppression",
  "name": "Do Not Use Error Suppression",
  "severity": "CRITICAL",
  "category": "Other",
  "language": [
    "PHP"
  ],
  "cwe": [],
  "description": "OPT.PHP.DoNotUseErrorSuppression",
  "risk": "{{#paragraph}}Error suppression with @ is very slow. Furthermore, if you use \"@\" to suppress errors from a certain function and either it isn't available or has been mistyped, the script will die right there with no indication as to why.\n{{/paragraph}}\n",
  "issue": null,
  "advice": null,
  "vendor": "kiuwan"
}