{
  "id": "OPT.JAVA.SEC_JAVA.WebXmlSecurityMisconfigurationsRule",
  "name": "Web Xml Security Misconfigurations Rule",
  "severity": "HIGH",
  "category": "Misconfiguration",
  "language": [
    "JAVA"
  ],
  "cwe": [],
  "description": "OPT.JAVA.SEC_JAVA.WebXmlSecurityMisconfigurationsRule",
  "risk": "{{#paragraph}}The rule checks 7 common misconfigurations in web.xml descriptors:\n\n    * No default error pages for 404/500 error codes and for uncaught exceptions.\n    By default Java web applications display detailed error messages that disclose the server version and detailed stack trace information\n    that can, in some situations, wind up displaying snippets of Java code. This information is a boon to hackers who are looking for as much\n    information about their victims as possible.\n\n    To avoid, set neutral error pages for 404 and 500 HTTP error codes, and for java.lang.Throwable uncaught exceptions\n    (which means ALL uncaught exceptions)\n\n    * No methods in security constraints.\n    In security-constraint, do not list any http-method. Any non-listed method will be\n    unprotected, so attackers may use an uncommon method (HEAD, TRACE, DELETE...) to access\n    the protected resources.\n\n    * Configure SSL for protected areas.\n    SSL should be used to protect sensitive data in transit (protected resources)\n    This check could be deactivated by setting checkSSLForProtectedAreas to false.\n\n    * Send session ID under SSL only.\n    Many web sites use SSL for authentication but then either revert back to non-SSL for subsequent communication\n    or have parts of the site that can still be accessed via non-SSL. This leaves the session coookie (i.e. JSESSIONID)\n    vulnerable to session hijacking attacks. To prevent this, session cookies can be created with the \"Secure\" flag,\n    which ensures that the browser will never transmit the specified cookie over non-SSL.\n\n    * Send session cookies with the HttpOnly flag set.\n    Cookies can be created with the \"HttpOnly\" flag, which ensures that the cookie cannot be accessed via client side scripts.\n    This helps mitigate some of the most common XSS attacks. Must be specified for Servlet 3.0+\n\n    * Use cookies, not URL rewriting, to exchange session IDs with browsers.\n    The tracking-mode element in the Servlet 3.0 specification allows you to define whether the JSESSIONID should be\n    stored in a cookie or in a URL parameter. If the session id is stored in a URL parameter it could be inadvertently\n    saved in a number of locations including the browser history, proxy server logs, referrer logs, web logs, etc.\n    Accidental disclosure of the session id makes the application more vulnerable to session hijacking attacks.\n    Instead, make sure the JSESSIONID is stored in a cookie (and has the Secure flag set).\n\n    * Expire sessions with no too large timeouts.\n    Users like long lived sessions because they are convenient. Hackers like long lived sessions because it gives them\n    more time to conduct attacks like session hijacking and CSRF. Security vs usability will always be a dilemma.\n    But never specify 0 or negative value, as this makes the session cookie to live forever.\n{{/paragraph}}\n",
  "issue": null,
  "advice": null,
  "vendor": "kiuwan"
}