{
  "id": "OPT.VBNET.TransparentMethodsShouldNotBeProtectedWithLinkDemands",
  "name": "Transparent Methods Should Not Be Protected With Link Demands",
  "severity": "MEDIUM",
  "category": "Permissions, privileges and access controls",
  "language": [
    "VBNET"
  ],
  "cwe": [],
  "description": "OPT.VBNET.TransparentMethodsShouldNotBeProtectedWithLinkDemands",
  "risk": "{{#paragraph}}Security transparent code should not verify the security of an operation, so it should not require permissions.\n{{/paragraph}}\n",
  "issue": null,
  "advice": null,
  "vendor": "kiuwan"
}