{
  "id": "OPT.ABAP.SEC.CrossClientDatabaseAccess",
  "name": "Cross Client Database Access",
  "severity": "CRITICAL",
  "category": "Permissions, privileges and access controls",
  "language": [
    "ABAP"
  ],
  "cwe": [],
  "description": "OPT.ABAP.SEC.CrossClientDatabaseAccess",
  "risk": "{{#paragraph}}A single SAP instance can host business data from multiple organizations, also referred to as clients.\nThe SAP database is designed to completely separate the business data of its clients. This mechanism is called client separation.\nAll Open SQL access to the database is automatically managed by the SAP framework with regards to client separation.\nThis way an application can only access data of the respective client where its users logged on to.\n\nUnfortunately the client separation mechanism can be bypassed by insecure ABAP coding practices.\nThere are three distinct ways of undermining client separation:\n1) Explicit Open SQL options\n2) Unmanaged SQL (native SQL)\n3) Unmanaged SQL (ADBC)\n\nSuch practices are dangerous and most likely violates regulatory compliance. The rule checks for OpenSQL statments with\nthe CLIENT SPECIFIED addition (which bypass client separation), and any uses of native SQL or ADBC API, as they also\nbypass client separation.\n\nPlease note that even with custom tables (usually named Z* or Y*) client separation could be enforced if table\ncontains an adequate client field.\n\nThis rule checks security defect APP-07 in BIZEC APP/11 standard.\n{{/paragraph}}\n",
  "issue": null,
  "advice": null,
  "vendor": "kiuwan"
}