{
  "id": "OPT.SCALA.SECURITY.AccessibilitySubversion",
  "name": "Accessibility Subversion",
  "severity": "CRITICAL",
  "category": "Permissions, privileges and access controls",
  "language": [
    "SCALA"
  ],
  "cwe": [
    "http://cwe.mitre.org/data/definitions/284.html"
  ],
  "description": "OPT.SCALA.SECURITY.AccessibilitySubversion",
  "risk": "{{#paragraph}}Java imposes access restrictions for code in one class to access fields, methods and constructors in objects of\ndifferent classes (the access level specifiers with public, protected and private keywords enforce in code such restrictions).\n\nUsing reflection, Java allows a programmer to get around the access control checks provided by these specifiers.\nFor example, a programmer may use setAccessible(true) on a reflected field, method or constructor and bypass\nthe access limitations (if the SecurityManager allows it), so a private field could be read or changed, and\na private method or constructor could be called, from any class.\n\nThe rule emits a security flaw when setAccessible(true) is used on any java.lang.reflect.AccessibleObject subtype,\nlike Field, Method or Constructor.\n{{/paragraph}}\n",
  "issue": null,
  "advice": null,
  "vendor": "kiuwan"
}