{
  "id": "OPT.CPP.MISRAC.AvoidOctalConstants",
  "name": "Avoid Octal Constants",
  "severity": "MEDIUM",
  "category": "Other",
  "language": [
    "CPP"
  ],
  "cwe": [],
  "description": "OPT.CPP.MISRAC.AvoidOctalConstants",
  "risk": "{{#paragraph}}Any integer constant beginning with a 0 (zero) is treated as octal. So there is a danger, for example, with writing fixed length constants. For example, the following array initialization for 3-digit bus messages may not work as expected (052 is octal, i.e. 42 decimal): code[3] = 052.\n\nOctal escape sequences can be problematic because the inadvertent introduction of a decimal digit ends the octal escape and introduces another character.\nThe value of the first expression in the following example is implementation-defined because the character constant consists of two characters, \"\\10\" and \"9\". The second character constant expression below contains the single character \"\\100\". Its value will be implementation-defined if character 64 is not represented in the basic execution character set: code[6] = '\\100'.\n\nIt is better not to use octal constants or escape sequences at all, and to statically check for any occurrences.\nThe integer constant zero (written as a single numeric digit), is strictly speaking an octal constant, but is a permitted exception to this rule.\n{{/paragraph}}\n",
  "issue": null,
  "advice": null,
  "vendor": "kiuwan"
}