{
  "id": "OPT.ABAP.SEC.PathManipulation",
  "name": "Path Manipulation",
  "severity": "CRITICAL",
  "category": "File handling",
  "language": [
    "ABAP"
  ],
  "cwe": [
    "http://cwe.mitre.org/data/definitions/73.html",
    "http://cwe.mitre.org/data/definitions/22.html"
  ],
  "description": "OPT.ABAP.SEC.PathManipulation",
  "risk": "{{#paragraph}}\nMany ABAP applications handle files on SAP application server. File processing has multiple security aspects,\nlike virus protection or handling sensitive data in datafiles.\n\nPath manipulation flaws occur when an attacker can specify a path used in an operation on the filesystem.\nWhen the application uses the resource specified by that path, the attacker gains a capability that would not otherwise\nbe permitted. For example, the program may give the attacker the ability to overwrite an unintended file or use\na configuration file controlled by the attacker.\n\nIn ABAP, OPEN DATASET / TRANSFER statements use file paths that could depend on external input. Later operations\n(READ DATASET, DELETE DATASET, TRANSFER) operate on the server file whose path was controlled by external input.\nThere are other possibilities (classes and function modules, file upload in Web Dynpro / BSP, etc.) where path\nmanipulation vulnerabilities may occur. If the path manipulation vulnerability is available in an RFC-enabled function,\nthe risk is even higher.\n\nAn attacker could leverage a path manipulation flaw to see configuration data on the SAP server, see sensitive datafiles,\nmanipulate or delete critical files on the server, etc.\n\nThis rule checks security defect APP-05 in BIZEC APP/11 standard.\n{{/paragraph}}\n",
  "issue": null,
  "advice": null,
  "vendor": "kiuwan"
}