{
  "id": "OPT.PYTHON.MAINTAINABILITY.BadTypeComparison",
  "name": "Bad Type Comparison",
  "severity": "LOW",
  "category": "Other",
  "language": [
    "PYTHON"
  ],
  "cwe": [],
  "description": "OPT.PYTHON.MAINTAINABILITY.BadTypeComparison",
  "risk": "{{#paragraph}}PEP 8 style guidelines dissuade from using the is operator to perform comparisons between \ntypes. The isinstance operator should be used instead because it supports inheritance between types.\n\nFollowing this good programming practice leads to a more readable and reliable code.\n{{/paragraph}}\n",
  "issue": null,
  "advice": null,
  "vendor": "kiuwan"
}