{
  "id": "OPT.C.CERTC.ARR30",
  "name": "Do not form or use out-of-bounds pointers or array subscripts on arrays",
  "severity": "MEDIUM",
  "category": "Pointer and reference handling",
  "language": [
    "C"
  ],
  "cwe": [
    "https://cwe.mitre.org/data/definitions/129.html"
  ],
  "description": "OPT.C.CERTC.ARR30",
  "risk": "{{#paragraph}}\nIn de-references to C arrays, the index should be validated against the range of the array, ensuring that the index\n(or offset when ) is not lower than 0 and not higher or equal than the number of entries on each array dimension.\nIn other case, an out-of-bounds de-reference may happen, which may lead to information exposure or modification of unintended\nmemory areas.\n\nPlease note that the array variable is also a pointer, and that arr[idx] is the same as *(arr + idx).\n{{/paragraph}}\n",
  "issue": null,
  "advice": null,
  "vendor": "kiuwan"
}