{
  "id": "OPT.ABAP.APBR.AvoidStopMessedUp",
  "name": "Avoid Stop Messed Up",
  "severity": "MEDIUM",
  "category": "Other",
  "language": [
    "ABAP"
  ],
  "cwe": [],
  "description": "OPT.ABAP.APBR.AvoidStopMessedUp",
  "risk": "{{#paragraph}}\nAvoid using STOP statement out of the event blocks START-OF-SELECTION, GET or AT SELECTION-SCREEN (without additions).\n\nSTOP statement ends current event block and raises an END-OF-SELECTION event, but when called out of the event blocks where it is allowed,\nan exception is raised, which usually terminates current program unit.\n{{/paragraph}}\n",
  "issue": null,
  "advice": null,
  "vendor": "kiuwan"
}