{
  "id": "OPT.CPP.DontUseMemoryFunction",
  "name": "Dont Use Memory Function",
  "severity": "HIGH",
  "category": "Pointer and reference handling",
  "language": [
    "CPP"
  ],
  "cwe": [],
  "description": "OPT.CPP.DontUseMemoryFunction",
  "risk": "{{#paragraph}}\nDo not use dynamic heap allocation functions like malloc, calloc, realloc and free.\n\nThere is a whole range of unspecified, undefined and implementation-defined behaviour associated with dynamic memory allocation,\nas well as a number of other potential pitfalls. Dynamic heap memory allocation may lead to memory leaks, data inconsistency,\nmemory exhaustion, and non-deterministic behaviour.\n\nFor C++, this rule permits usage of new and delete for heap memory management.\n{{/paragraph}}\n",
  "issue": null,
  "advice": null,
  "vendor": "kiuwan"
}