{
  "id": "OPT.C.GlobalVarNotUsedLocally",
  "name": "Global Var Not Used Locally",
  "severity": "HIGH",
  "category": "Other",
  "language": [
    "C"
  ],
  "cwe": [],
  "description": "OPT.C.GlobalVarNotUsedLocally",
  "risk": "{{#paragraph}}Detects global variables declared but not locally used, in the current file.\n\nNote: Rule OPT.C.MISRAC.AvoidFileScopeWhenAccessedFromSingleFunction in MISRA-C supported standard provides an alternate version that checks for unused file-scope (static) global variables, or used from a single function.\n{{/paragraph}}\n",
  "issue": null,
  "advice": null,
  "vendor": "kiuwan"
}