{
  "id": "OPT.VBNET.AvoidUnnecessaryStringCreation",
  "name": "Avoid Unnecessary String Creation",
  "severity": "LOW",
  "category": "Other",
  "language": [
    "VBNET"
  ],
  "cwe": [],
  "description": "OPT.VBNET.AvoidUnnecessaryStringCreation",
  "risk": "{{#paragraph}}Any modification on a String object requires the creation of another String. The creation of unnecessary Strings worse performance.\n         The rule checks unnecessary Strings created by calls to System.String.ToLower or System.String.ToUpper in the following ways:\n         - Multiple calls to System.String.ToLower or System.String.ToUpper on the same string.\n         - Call the Equals method on a String created by calls to System.String.ToLower or System.String.ToUpper.\n         - Pass a string created by System.String.ToLower or System.String.ToUpper to a System.Collections.Specialized.HybridDictionary.\n{{/paragraph}}\n",
  "issue": null,
  "advice": null,
  "vendor": "kiuwan"
}