{
  "id": "OPT.PYTHON.SECURITY.HardcodedSalt",
  "name": "Hardcoded Salt",
  "severity": "HIGH",
  "category": "Encryption and randomness",
  "language": [
    "PYTHON"
  ],
  "cwe": [
    "http://cwe.mitre.org/data/definitions/760.html"
  ],
  "description": "OPT.PYTHON.SECURITY.HardcodedSalt",
  "risk": "{{#paragraph}}\nThe software uses a one-way cryptographic hash against an input that should not be reversible, such as a password,\nbut the software uses a predictable salt as part of the input.\n\nA hardcoded, fixed salt makes easier for attackers to pre-compute a dictionary of common passwords and their hash values,\neffectively disabling the protection that an unpredictable salt would provide.\n\nThe rule will report any usage of a hash function that expects a salt, when the salt is hardcoded.\n{{/paragraph}}\n",
  "issue": null,
  "advice": null,
  "vendor": "kiuwan"
}