{
  "id": "OPT.JAVA.SEC_JAVA.AcegiRunAsAuthenticationReplacementRule",
  "name": "Acegi Run As Authentication Replacement Rule",
  "severity": "CRITICAL",
  "category": "Permissions, privileges and access controls",
  "language": [
    "JAVA"
  ],
  "cwe": [
    "http://cwe.mitre.org/data/definitions/724.html"
  ],
  "description": "OPT.JAVA.SEC_JAVA.AcegiRunAsAuthenticationReplacementRule",
  "risk": "{{#paragraph}}Using the Run-As authentication replacement feature in Acegi can lead to a privilege escalation vulnerability.\n\nAcegi Security allows for temporarily replacing the Authentication object in the SecurityContext during the secure object callback phase.\nThis only occurs if the original Authentication object was successfully processed by the AuthenticationManager and AccessDecisionManager.\nThe RunAsManager creates this Authentication object. Typically developers use RunAsManager to configure one or more additional roles\nfor an authenticated user for the duration of a method invocation. This is useful for a secure bean that needs to access a remote application.\nSince the remote application might demand different credentials, this allows translating between calling roles and those needed\nby the remote application so that the remote access can succeed.\n\nThe new Authentication object (called RunAsUserToken) will be simply accepted as a valid Authentication object without\nany further authentication or authorization check. Adding new roles or privileges to the new Authentication object\nhas the potential to temporarily elevate the user's privileges, allowing the user to take an unauthorized action.\n{{/paragraph}}\n",
  "issue": null,
  "advice": null,
  "vendor": "kiuwan"
}