{
  "id": "OPT.C.CERTC.ARR01",
  "name": "Do not apply the sizeof operator to a pointer when taking the size of an array",
  "severity": "HIGH",
  "category": "Pointer and reference handling",
  "language": [
    "C"
  ],
  "cwe": [
    "https://cwe.mitre.org/data/definitions/467.html"
  ],
  "description": "OPT.C.CERTC.ARR01",
  "risk": "{{#paragraph}}Do not apply the sizeof operator to a pointer when taking the size of an array.\n\nThe sizeof operator yields the size (in bytes) of its operand, which may be an expression or the parenthesized name of a type.\nHowever, using the sizeof operator to determine the size of arrays is error prone. This rule checks that sizeof operates on an array which is passed as a function argument, because C considers such parameter as a pointer, and sizeof returns the size of a pointer, not the size (number of bytes) of the array, as programmer expects.\n\nThe typical idion \"sizeof(arr) / sizeof(arr[0])\" to get the number of entries in array may not work, as sizeof(arr) return bytes of a pointer if arr is a function parameter. It is better to pass the number of items in array as argument.\n\nThe footnote in Section 6.5.3.4 of the C99 standard explains: \"When applied to a parameter declared to have array or function type, the sizeof operator yields the size of the adjusted (pointer) type\". Programmers, when using the above idiom, often do not have this in mind.\n{{/paragraph}}\n",
  "issue": null,
  "advice": null,
  "vendor": "kiuwan"
}