{
  "id": "OPT.VBNET.MVCPostInControllers",
  "name": "MVC Post In Controllers",
  "severity": "MEDIUM",
  "category": "Permissions, privileges and access controls",
  "language": [
    "VBNET"
  ],
  "cwe": [
    "http://cwe.mitre.org/data/definitions/352.html"
  ],
  "description": "OPT.VBNET.MVCPostInControllers",
  "risk": "{{#paragraph}}\nIn an MVC controller (for classic MVC, MVC Core, or Web API), actions that change the state of the application\n(perform database modifications, changes in files, etc.) should have the HTTP verbs restricted, to reduce the opportunity\nfor cross-site request forgery (CSRF) and other attacks.\n\nThe HTTP 1.1 standard define multiple verbs: OPTIONS, GET, HEAD, POST, PUT, DELETE, TRACE and CONNECT. With HTML, typically\nonly GET and POST have explicit support. A CSRF attack works by tricking the victim's browser into performing actions\non the application, when the victim has an open authenticated session. Forced by browser's security policy, the attacker\ntypically uses GET requests (so restricting to POST, PUT, DELETE at least avoids \"one-click\" CSRF attacks).\n\nThe rule forces that any state-change controller method restricts the allowed HTTP verbs, like POST, PUT and DELETE.\n\nNote: In MVC or Web API applications, anti-forgery tokens can be used to prevent CSRF attacks.\nIf the action method is protected by any anti-forgery mechanism, like [ValidateAntiForgeryToken], no violation is emitted,\neven if the action method does not restrict HTTP verbs (a GET request typically cannot pass the validation).\n{{/paragraph}}\n",
  "issue": null,
  "advice": null,
  "vendor": "kiuwan"
}