{
  "id": "OPT.GO.SECURITY.SerializableTypeContainingSensitiveData",
  "name": "Serializable Type Containing Sensitive Data",
  "severity": "MEDIUM",
  "category": "Information leaks",
  "language": [
    "GO"
  ],
  "cwe": [
    "https://cwe.mitre.org/data/definitions/499.html"
  ],
  "description": "OPT.GO.SECURITY.SerializableTypeContainingSensitiveData",
  "risk": "{{#paragraph}}Types containing sensitive data can be converted into a sensible object which could be\naccessed by a malicious attacker by transforming it into a byte sequence.\n\nThis rule reports violation when a serializable type contains sensitive data.\n{{/paragraph}}\n",
  "issue": null,
  "advice": null,
  "vendor": "kiuwan"
}