{
  "id": "OPT.JAVA.DECLARA.DefinePrivacyFields",
  "name": "Define Privacy Fields",
  "severity": "LOW",
  "category": "Other",
  "language": [
    "JAVA"
  ],
  "cwe": [],
  "description": "OPT.JAVA.DECLARA.DefinePrivacyFields",
  "risk": "{{#paragraph}}\nDefine every class field private or protected. Public fields are disallowed, as information hiding is compromised.\nNote: Public final fields are allowed, for example, for declaring public constants.\n{{/paragraph}}\n",
  "issue": null,
  "advice": null,
  "vendor": "kiuwan"
}