{
  "id": "OPT.JAVASCRIPT.ANGULARJS.IsolateRunBlocks",
  "name": "Isolate Run Blocks",
  "severity": "LOW",
  "category": "Other",
  "language": [
    "JAVASCRIPT"
  ],
  "cwe": [],
  "description": "OPT.JAVASCRIPT.ANGULARJS.IsolateRunBlocks",
  "risk": "{{#paragraph}}In AngularJS, a run block contains code used to kickstart the application.\n\nThis code is executed after services are configured and the injector is created, and allows injecting instances and constants, for examples event handlers at the root level for the application.\n\nif the code is within run block directly, it is difficult to unit test this phase of bootstrap process.\n\nIsolating the code in a factory, and exposing it as a function, makes it much more easier unit testing.\n{{/paragraph}}\n",
  "issue": null,
  "advice": null,
  "vendor": "kiuwan"
}