{
  "id": "OPT.ABAP.SEC.NoAuthorizationCheckCallTransaction",
  "name": "No Authorization Check Call Transaction",
  "severity": "CRITICAL",
  "category": "Permissions, privileges and access controls",
  "language": [
    "ABAP"
  ],
  "cwe": [],
  "description": "OPT.ABAP.SEC.NoAuthorizationCheckCallTransaction",
  "risk": "{{#paragraph}}\nCALL TRANSACTION does not check if current user is authorized to execute the transaction. Without proper authorization checks,\nthe program may allow an unauthorized user to start a restricted transaction. To avoid this, the rule checks if\nauthorization check (either with AUTHORITY-CHECK sentence or AUTHORITY_CHECK_TCODE function module) immediately preceeds\nCALL TRANSACTION, and the result of the authorization check is tested immediately before CALL TRANSACTION.\n\nNOTE: Should I care on this?\nSAP was obviously aware of this security flaw, and in recent versions (7.4 and higher) added WITH AUTHORITY-CHECK\nto CALL TRANSACTION command for explicit authorization check. In 7.0 with enhancement package 3 (and higher), S_TCODE\nauthorization object is checked in CALL TRANSACTION, so you probably may deactivate this rule when running on patched versions.\n\nPlease note for LEAVE TO TRANSACTION, the ABAP runtime performs implicitely the authorization check,\nso there is no need for explicit authorization check.\n\nThis rule checks security defect APP-04 in BIZEC APP/11 standard.\n{{/paragraph}}\n",
  "issue": null,
  "advice": null,
  "vendor": "kiuwan"
}