{
  "id": "OPT.PHP.FewActionMethodsInController",
  "name": "Few Action Methods In Controller",
  "severity": "HIGH",
  "category": "Other",
  "language": [
    "PHP"
  ],
  "cwe": [],
  "description": "OPT.PHP.FewActionMethodsInController",
  "risk": "{{#paragraph}}The controller must represent a single concept and specific use. If the number of methods were very high then surely you are mixing responsibilities in the controller.\n{{/paragraph}}\n",
  "issue": null,
  "advice": null,
  "vendor": "kiuwan"
}