{
  "id": "OPT.CSHARP.Csharp.TypesThatOwnNativeResourcesShouldBeDisposable",
  "name": "Types That Own Native Resources Should Be Disposable",
  "severity": "LOW",
  "category": "Other",
  "language": [
    "DOTNET"
  ],
  "cwe": [],
  "description": "OPT.CSHARP.Csharp.TypesThatOwnNativeResourcesShouldBeDisposable",
  "risk": "{{#paragraph}}A type references a System.IntPtr field, a System.UIntPtr field, or a System.Runtime.InteropServices.HandleRef field, but does not implement System.IDisposable.\n\nThis rule assumes that IntPtr, UIntPtr, and HandleRef fields store pointers to unmanaged resources. Types that allocate unmanaged resources should implement IDisposable to let callers to release those resources on demand and shorten the lifetimes of the objects that hold the resources.\n\nThe recommended design pattern to clean up unmanaged resources is to provide both an implicit and an explicit means to free those resources by using the Object.Finalize method and the IDisposable.Dispose method, respectively.\nThe garbage collector calls the Finalize method of an object at some indeterminate time after the object is determined to be no longer reachable. After Finalize is called, an additional garbage collection is required to free the object. The Dispose method allows the caller to explicitly release resources on demand, earlier than the resources would be released if left to the garbage collector. After it cleans up the unmanaged resources, Dispose should call the GC.SuppressFinalize method to let the garbage collector know that Finalize no longer has to be called; this eliminates the need for the additional garbage collection and shortens the lifetime of the object.\n{{/paragraph}}\n",
  "issue": null,
  "advice": null,
  "vendor": "kiuwan"
}