{
  "id": "OPT.PYTHON.MAINTAINABILITY.MoreThanAStatementSingleLine",
  "name": "More Than A Statement Single Line",
  "severity": "MEDIUM",
  "category": "Other",
  "language": [
    "PYTHON"
  ],
  "cwe": [],
  "description": "OPT.PYTHON.MAINTAINABILITY.MoreThanAStatementSingleLine",
  "risk": "{{#paragraph}}Compound statements make more difficult the readability, debugging and code maintainability.\nDespite compound statements are permitted by python interpreter, using them are discouraged from PEP8.\n{{/paragraph}}\n",
  "issue": null,
  "advice": null,
  "vendor": "kiuwan"
}