{
  "id": "OPT.CSHARP.Csharp.ReviewSuppressUnmanagedCodeSecurityUsage",
  "name": "Review Suppress Unmanaged Code Security Usage",
  "severity": "MEDIUM",
  "category": "Information leaks",
  "language": [
    "DOTNET"
  ],
  "cwe": [],
  "description": "OPT.CSHARP.Csharp.ReviewSuppressUnmanagedCodeSecurityUsage",
  "risk": "{{#paragraph}}Rule shows a violation whenever there are types or methods defined with the SuppressUnmanagedCodeSecurity attribute.\nUsing this attribute reduces security checks done while executing unmanaged code, so its use should be reviewed in order to ensure there are no potentially exploitable security holes.\n{{/paragraph}}\n",
  "issue": null,
  "advice": null,
  "vendor": "kiuwan"
}