{
  "id": "OPT.PHP.WeakEncryptionAlgorithm",
  "name": "Weak Encryption Algorithm",
  "severity": "HIGH",
  "category": "Encryption and randomness",
  "language": [
    "PHP"
  ],
  "cwe": [
    "http://cwe.mitre.org/data/definitions/327.html"
  ],
  "description": "OPT.PHP.WeakEncryptionAlgorithm",
  "risk": "{{#paragraph}}\nUsing a weak encryption algorithms does not guarantee the confidentiality of sensitive data.\n\nHome-grown ciphers, or standard algorithms that were proven flawed or weak, compromise the confidentiality of data.\n\nEncryption algorithms like DES, Triple-DES and RC2 are nowadays too weak for cryptographic usage,\nin particular for ensuring information confidentiality.\n\nDES is currently broken, as an small key size renders it unsafe against brute-force attacks.\n\nRC2 is currently broken, as a related-key attack, where an attacker finds mathematical relationships\nbetween key values, renders it unsafe as well.\n\nTriple-DES (or 3DES) is weak, and should be migrated to a more robust standard cipher.\n\nThe AES standard algorithm, with an adequate key length and proper setup (initial vector, mode, padding)\nshould be used instead, for cryptographic operations.\n\nThe rule checks usages of weak ciphers in cryptographic primitives, not registred in the allowed list, and registed in the forbidden list.\nThe rule does not check if the cipher operation is coded properly (key length, initial vector and feedback mode, padding).\n{{/paragraph}}\n",
  "issue": null,
  "advice": null,
  "vendor": "kiuwan"
}