{
  "id": "OPT.JAVA.COMP.AvoidCompDoubleMaxValueMinValue",
  "name": "Avoid Comp Double Max Value Min Value",
  "severity": "MEDIUM",
  "category": "Other",
  "language": [
    "JAVA"
  ],
  "cwe": [],
  "description": "OPT.JAVA.COMP.AvoidCompDoubleMaxValueMinValue",
  "risk": "{{#paragraph}}Double.MAX_VALUE and Double.MIN_VALUE are constants that represents the maximum and the minimum values of a double. Comparing values that fall within this range with these constants will always return the same result.\n{{/paragraph}}\n",
  "issue": null,
  "advice": null,
  "vendor": "kiuwan"
}