{
  "id": "OPT.PHP.POSIXExtendedRegularExpressions",
  "name": "POSIX Extended Regular Expressions",
  "severity": "CRITICAL",
  "category": "Other",
  "language": [
    "PHP"
  ],
  "cwe": [],
  "description": "OPT.PHP.POSIXExtendedRegularExpressions",
  "risk": "{{#paragraph}}Do not use POSIX Extended regular expression functions. When you need a regular expression function, always use the Perl-compatible (PCRE) preg_ functions. PCRE supports Unicode and is faster and more consistent in syntax.\n{{/paragraph}}\n",
  "issue": null,
  "advice": null,
  "vendor": "kiuwan"
}