{
  "id": "OPT.ABAP.AGR.MoveInsteadOfMoveCorresponding",
  "name": "Move Instead Of Move Corresponding",
  "severity": "NOTE",
  "category": "Other",
  "language": [
    "ABAP"
  ],
  "cwe": [],
  "description": "OPT.ABAP.AGR.MoveInsteadOfMoveCorresponding",
  "risk": "{{#paragraph}}\nWhen assigning structures, to gain better control on the conversions for structure fields, it is recommended to use explicit MOVE\nbetween structure fields, instead of MOVE-CORRESPONDING.\n\nNOTE: Automatic conversions may allow assigning structures directly with MOVE, but in such case, implicit conversions may lead to logical errors.\n{{/paragraph}}\n",
  "issue": null,
  "advice": null,
  "vendor": "kiuwan"
}