{
  "id": "OPT.JAVASCRIPT.FilterForIn",
  "name": "Filter For In",
  "severity": "LOW",
  "category": "Other",
  "language": [
    "JAVASCRIPT"
  ],
  "cwe": [],
  "description": "OPT.JAVASCRIPT.FilterForIn",
  "risk": "{{#paragraph}}\nThe for .. in loop iterates through the properties of an object, including inherited properties in the prototype chain,\nand function properties. This may include unintended properties.\n\nA good programming practice is filtering the properties in the body of the for-in loop, using an if statement,\nthat decides which properties should be processed.\n\nThe rule ignores for .. of loops, and the (deprecated) for each(... in ...) loop, as the iterate in object values directly.\n{{/paragraph}}\n",
  "issue": null,
  "advice": null,
  "vendor": "kiuwan"
}