{
  "id": "OPT.JAVA.DECL.AvoidNotUseField",
  "name": "Avoid Not Use Field",
  "severity": "HIGH",
  "category": "Other",
  "language": [
    "JAVA"
  ],
  "cwe": [
    "https://cwe.mitre.org/data/definitions/563.html"
  ],
  "description": "OPT.JAVA.DECL.AvoidNotUseField",
  "risk": "{{#paragraph}}\nThe declaration of instance fields that are then not used is unnecessary. It is recommended to keep this kind of\nstatement out of the code.\n\nNOTE: This rule does not report violation for serialVersionUID.\n{{/paragraph}}\n",
  "issue": null,
  "advice": null,
  "vendor": "kiuwan"
}