{
  "id": "OPT.CSHARP.Csharp.OverrideEqualsOnValueTypes",
  "name": "Override Equals On Value Types",
  "severity": "LOW",
  "category": "Other",
  "language": [
    "DOTNET"
  ],
  "cwe": [],
  "description": "OPT.CSHARP.Csharp.OverrideEqualsOnValueTypes",
  "risk": "{{#paragraph}}\nFor value types (structs), the inherited implementation of Equals uses the Reflection library, and compares the contents of all fields.\nReflection is computationally expensive, and comparing every field for equality might be unnecessary.\nIf you expect users to compare or sort instances, or use them as hash table keys, your value type should implement Equals().\n\nNOTE: If your programming language supports operator overloading (as with C#), you should also implement both == and != operators.\n{{/paragraph}}\n",
  "issue": null,
  "advice": null,
  "vendor": "kiuwan"
}