{
  "id": "OPT.JAVA.DECLARA.UCDC",
  "name": "Provide a by default private constructor in utility classes",
  "severity": "LOW",
  "category": "Other",
  "language": [
    "JAVA"
  ],
  "cwe": [],
  "description": "OPT.JAVA.DECLARA.UCDC",
  "risk": "{{#paragraph}}A utility class must declare explicity at least one private by default constructor (a constructor with no arguments).\n\nAn utility class only contains static methods and variables. Since the implicit default constructor is public,\nand utility classes are not designed to be instantiated, a private empty constructor must be added to the class.\n{{/paragraph}}\n",
  "issue": null,
  "advice": null,
  "vendor": "kiuwan"
}