{
  "id": "OPT.PYTHON.SECURITY.TooMuchOriginsAllowedRule",
  "name": "Too Much Origins Allowed Rule",
  "severity": "CRITICAL",
  "category": "Misconfiguration",
  "language": [
    "PYTHON"
  ],
  "cwe": [
    "http://cwe.mitre.org/data/definitions/942.html"
  ],
  "description": "OPT.PYTHON.SECURITY.TooMuchOriginsAllowedRule",
  "risk": "{{#paragraph}}\nToo much allowed origins in HTML5 Access-Control-Allow-Origin header. \n        \nTraditionally, web browsers enforced the Same Origin Policy (SOP) to avoid cross-domain JavaScript to access\ncertain contents in web page. This policy prevents a malicious script on one page from obtaining\naccess to sensitive data on another web page (\"victim\") with a different origin. A strict separation between content\nfrom unrelated sites must be maintained on the browser to prevent loss of data confidentiality or integrity.\n\nCross-Origin Resource Sharing (CORS) relaxes the SOP. To do this, essentially two HTTP headers (Origin, emitted by client,\nand Access-Control-Allow-Origin, emitted by server). This allows, for example, to Ajax requests (XMLHttpRequest) for\naccessing content from different origin that should be forbidden by the SOP.\n\nWith Access-Control-Allow-Origin header, server defines which other domains are allowed to access content in its domain\nusing cross-origin requests. A too much permissive value (like '*') will allow a malicious application to communicate\nwith the vulnerable application in unexpected ways, leading to different security problems.\n\nNOTE: CORS is intended to avoid data read from pages coming from other origins, and it is enforced by modern browsers.\nRemember that an attacker has full control over an HTTP request message, so do not rely on CORS Origin header for\nvalidating the source of a request, or for CSRF protection.\n{{/paragraph}}\n",
  "issue": null,
  "advice": null,
  "vendor": "kiuwan"
}