{
  "id": "OPT.JAVASCRIPT.TYPESCRIPT.SkipInternalModuleOrNamespace",
  "name": "Skip Internal Module Or Namespace",
  "severity": "HIGH",
  "category": "Other",
  "language": [
    "JAVASCRIPT"
  ],
  "cwe": [],
  "description": "OPT.JAVASCRIPT.TYPESCRIPT.SkipInternalModuleOrNamespace",
  "risk": "{{#paragraph}}\nUsing modules or namespaces of the form module type A {} or namespace B {} is not considered a modern practice since now\nit's possible to organize the code following the syntax of ES2015 by using imports and exports.\n\nNOTE: The rule allows the declaration of modules to describe external APIs like 'declare module \"A\"'.\n{{/paragraph}}\n",
  "issue": null,
  "advice": null,
  "vendor": "kiuwan"
}