{
  "id": "OPT.HTML.FormValidationOff",
  "name": "Form Validation Off",
  "severity": "NOTE",
  "category": "Misconfiguration",
  "language": [
    "HTML"
  ],
  "cwe": [],
  "description": "OPT.HTML.FormValidationOff",
  "risk": "{{#paragraph}}\nHTML5 offers a facility for simple (browser-side) input form validation. Input fields could be validated with certain\nvalidation attributes (required, pattern...). Both the novalidate attribute in <form> tag, or the formnovalidate attribute\nin the submit <input> element, deactivate form validation.\n\nThe rule reports any HTML5 form with validation disabled.\n\nPlease note that client-side validation is not enough to protect the web application against injection attacks, but is a convenient\nmechanism for end-users to provide valid data.\n{{/paragraph}}\n",
  "issue": null,
  "advice": null,
  "vendor": "kiuwan"
}