{
  "id": "OPT.C.MISRAC.IfElseIfMustEndWithElse",
  "name": "If Else If Must End With Else",
  "severity": "LOW",
  "category": "Other",
  "language": [
    "C"
  ],
  "cwe": [],
  "description": "OPT.C.MISRAC.IfElseIfMustEndWithElse",
  "risk": "{{#paragraph}}This rule applies whenever an if statement is followed by one or more else if statements; the final else if shall be followed by an else statement. In the case of a simple if statement then the else statement need not be included.\n\nThe requirement for a final else statement is defensive programming. The else statement shall either take appropiate action or contain a suitable comment as to why no action is taken.\nThis is consistent with the requirement to have a final default clause in a switch statement (15.3).\n{{/paragraph}}\n",
  "issue": null,
  "advice": null,
  "vendor": "kiuwan"
}