{
  "id": "OPT.JAVASCRIPT.TypeCastingInComparations",
  "name": "Type Casting In Comparations",
  "severity": "LOW",
  "category": "Other",
  "language": [
    "JAVASCRIPT"
  ],
  "cwe": [],
  "description": "OPT.JAVASCRIPT.TypeCastingInComparations",
  "risk": "{{#paragraph}}Avoid using logical operators \"==\" and \"!=\" in favor of \"===\" and \"!==\", respectively.\nThe operators \"==\" and \"!=\" do not check that the operands are the same type, while \"===\" and \"!==\" check it.\n{{/paragraph}}\n",
  "issue": null,
  "advice": null,
  "vendor": "kiuwan"
}