{
  "id": "OPT.PYTHON.DJANGO.MassAssigmentAttack",
  "name": "Mass Assigment Attack",
  "severity": "HIGH",
  "category": "Injection",
  "language": [
    "PYTHON"
  ],
  "cwe": [
    "https://cwe.mitre.org/data/definitions/915.html"
  ],
  "description": "OPT.PYTHON.DJANGO.MassAssigmentAttack",
  "risk": "{{#paragraph}}When building a database-driven app Django provides a helper class to be extended by a\ncustom Form class which modelates the custom Django model, this way Django will map the forms to a model.\n\nThis django.forms.ModelForm class allows to define a Meta class with two very important members: \"fields\" and \"exclude\".\n\nThe first member \"fields\" is used as a white list of the fields from the form which should be mapped to the model. Setting\nits value to '__all__' can lead to security problems when a field which shouldn't be mapped is misleading, so using it\nthis way it's considered a bad programming practice.\n\nThe second member \"exclude\" is used as a blacklist of the fields from the form which shouldn't be mapped to the model.\nUsing this member instead of the first one can be harmful too when a sensitive field is misleading and it's not added to\nthis field.\n{{/paragraph}}\n",
  "issue": null,
  "advice": null,
  "vendor": "kiuwan"
}