{
  "id": "OPT.COBOL.CheckSqlCodeAfterSequence",
  "name": "Check SQL Code After Sequence",
  "severity": "CRITICAL",
  "category": "Other",
  "language": [
    "COBOL"
  ],
  "cwe": [],
  "description": "OPT.COBOL.CheckSqlCodeAfterSequence",
  "risk": "{{#paragraph}}In treating SEQUENCE objects by NEXT VALUE and PREVIOUS VALUE clauses, must be controlled respectively, the SQLCODE -359 and -845. Proper control of these codes, ensures the reliability of the value of the sequence obtained and lets take appropriate actions when they occur.\n{{/paragraph}}\n",
  "issue": null,
  "advice": null,
  "vendor": "kiuwan"
}