{
  "id": "OPT.VBNET.VBnet.MarkISerializableTypesWithSerializable",
  "name": "Mark I Serializable Types With Serializable",
  "severity": "CRITICAL",
  "category": "Other",
  "language": [
    "VBNET"
  ],
  "cwe": [],
  "description": "OPT.VBNET.VBnet.MarkISerializableTypesWithSerializable",
  "risk": "{{#paragraph}}A class implements the System.Runtime.Serialization.ISerializable interface and is not marked with the 'Serializable' attribute.\n{{/paragraph}}\n",
  "issue": null,
  "advice": null,
  "vendor": "kiuwan"
}