{
  "id": "OPT.VBNET.VBnet.AvoidInconditionalRecursiveInvocation",
  "name": "Avoid Inconditional Recursive Invocation",
  "severity": "HIGH",
  "category": "Control flow management",
  "language": [
    "VBNET"
  ],
  "cwe": [],
  "description": "OPT.VBNET.VBnet.AvoidInconditionalRecursiveInvocation",
  "risk": "{{#paragraph}}Avoid methods that call themselves without a precondition. Unconditional recursive calls or property getters that call themselves can cause infinite loops.\n{{/paragraph}}\n",
  "issue": null,
  "advice": null,
  "vendor": "kiuwan"
}