{
  "id": "OPT.COBOL.CheckValueOccur",
  "name": "Check Value Occur",
  "severity": "CRITICAL",
  "category": "Other",
  "language": [
    "COBOL"
  ],
  "cwe": [],
  "description": "OPT.COBOL.CheckValueOccur",
  "risk": "{{#paragraph}}In statements that use the MULTIROW option, the value of \"N\" parameter in FOR \"N\" ROWS option, must be less or equal to OCCURS of the table defined for receive the ROWSET. You must ensure that all selected rows by the option MULTIROW, have the necessary space defined in the table that receive the ROWSET.\n{{/paragraph}}\n",
  "issue": null,
  "advice": null,
  "vendor": "kiuwan"
}