{
  "id": "OPT.ABAP.EFFICIENCY.AvoidUpToRowsWithForAllEntries",
  "name": "Avoid Up To Rows With For All Entries",
  "severity": "CRITICAL",
  "category": "Other",
  "language": [
    "ABAP"
  ],
  "cwe": [],
  "description": "OPT.ABAP.EFFICIENCY.AvoidUpToRowsWithForAllEntries",
  "risk": "{{#paragraph}}\nUsing UP TO ROWS and FOR ALL ENTRIES simultaneously in a SELECT statement could lead a performance loss\nas well as unexpected and inconsistent results through different executions.\n{{/paragraph}}\n",
  "issue": null,
  "advice": null,
  "vendor": "kiuwan"
}