{
  "id": "OPT.PHP.LineLength",
  "name": "Line Length",
  "severity": "NOTE",
  "category": "Other",
  "language": [
    "PHP"
  ],
  "cwe": [],
  "description": "OPT.PHP.LineLength",
  "risk": "{{#paragraph}}Lines should not be longer than certain number of characters; lines longer than that should be split into multiple lines of no more than the specificated number of characters each.\n\nThe value of the maximum number of characters per line can be specified in the 'maxLineLength' property.\n\nWith the 'checkPhpCodeOnly' property set to true, the rule will only check line length for PHP code blocks, excluding text out of PHP blocks (e.g. HTML code including PHP expressions in HTML code) and comments following code.\n\nWith the 'checkPhpCodeOnly' property set to false, all code lines (including text out of PHP blocks, and comments) will be checked for maximum length.\n{{/paragraph}}\n",
  "issue": null,
  "advice": null,
  "vendor": "kiuwan"
}