{
  "id": "OPT.CPP.COREGL.DestructorsMustBeNoexcept",
  "name": "Destructors Must Be Noexcept",
  "severity": "CRITICAL",
  "category": "Error handling and fault isolation",
  "language": [
    "CPP"
  ],
  "cwe": [],
  "description": "OPT.CPP.COREGL.DestructorsMustBeNoexcept",
  "risk": "{{#paragraph}}\nA destructor may not fail. If a destructor tries to exit with an exception, it’s a bad design error and the program had better terminate.\n\nThrowing an exception from a destructor results in undefined behavior, meaning that your program could be terminated abruptly,\nwithout neatly destroying others objects.\n\nThus destructors should never throw exceptions. Instead, they should catch and handle those thrown\nby the functions they call, and be noexcept.\n\nA destructor (either user-defined or compiler-generated) is implicitly declared noexcept (independently of what code is in its body)\nif all of the members of its class have noexcept destructors. By explicitly marking destructors noexcept,\nthe developer guards against the destructor becoming implicitly noexcept(false) through the addition or modification of a class member.\n\nBy default, destructors are noexcept, therefore typically nothing needs to be written in the source code; but one throwing member\npoisons the whole class hierarchy.\n\nA destructor is not noexcept if:\n- the base class or a data member has a non noexcept destructor,\n- the destructor is decorated with the noexcept keyword followed by something that evaluates to false.\n\nThis rule emits a violation when a destructor either declares throwing exceptions, or noexcept(false).\nWhen no noexcept declaration, it tries to infer if any member type has a destructor that may throw exceptions.\n\nNote: the more basic rule OPT.CPP.AvoidThrowExceptionInDestructor checks if destructors throw exceptions explicitely.\n{{/paragraph}}\n",
  "issue": null,
  "advice": null,
  "vendor": "kiuwan"
}