{
  "id": "OPT.JAVA.BUC.AvoidReuseVar",
  "name": "Avoid Reuse Var",
  "severity": "CRITICAL",
  "category": "Control flow management",
  "language": [
    "JAVA"
  ],
  "cwe": [],
  "description": "OPT.JAVA.BUC.AvoidReuseVar",
  "risk": "{{#paragraph}}The reuse of a loop control variable as initialiser and controller in a nested loop is dangerous,\nbecause the value of the variable is modified.\n\nThis will have negative effects on other loops that use this variable as a control, potentially leading to unintended\ninfinite loops and other logical errors.\n{{/paragraph}}\n",
  "issue": null,
  "advice": null,
  "vendor": "kiuwan"
}