{
  "id": "OPT.CPP.COREGL.UseMakeFactoriesForCreatingSmartPointers",
  "name": "Use Make Factories For Creating Smart Pointers",
  "severity": "MEDIUM",
  "category": "Pointer and reference handling",
  "language": [
    "CPP"
  ],
  "cwe": [],
  "description": "OPT.CPP.COREGL.UseMakeFactoriesForCreatingSmartPointers",
  "risk": "{{#paragraph}}\nPrefer std::make_unique and std::make_shared (factory functions) over explicitly calling the constructor of std::unique_ptr and std::shared_ptr.\nThe reason is three-fold:\n\na) Code is more concise and clearer: std::make_unique / std::make_shared don't require specifying the type multiple times (\"don't repeat yourself\"),\nand they eliminate the need to use new.\n\nb) Improved exception-safety. The c++ standard does not specify the order of evaluation of subexpressions except due to operator precedence.\nIn particular, the order of execution of arguments in function calls is not defined, and the compiler may even choose to interlace evaluation\nof subexpressions. In particular, for\n  any_function( std::unique_ptr<T>( new T(args) ), may_throw_func() )\nthe compiler might choose this evaluation sequence: (1) memory allocated for T, (2) T object constructed, (3) may_throw_func call,\n(4) constructor for std::unique_ptr called with object from step 2, (5) any_function is called with data from steps 5 and 3.\nBut if may_throw_func() throws an exception, memory allocated at step 1 is leaked, since std::unique_ptr is not built yet\n(which should free that memory after stack unwinding). Please note that c++17 now specifies that each argument expression should\nbe evaluated completely, so this problem is mitigated.\n\nc) Slightly better performance for std::make_shared, which performs a single heap allocation for both the managed object and the control block\nholding reference count and reference to deleter.\n\nPlease note that instantiation of std::unique_ptr and std::shared_ptr with no arguments, or nullptr argument, is allowed, as well as\nthe signature with a deleter, which is not supported by the factory functions.\n{{/paragraph}}\n",
  "issue": null,
  "advice": null,
  "vendor": "kiuwan"
}