{
  "id": "OPT.JAVASCRIPT.NODEJS.AvoidCyclicDependencies",
  "name": "Avoid Cyclic Dependencies",
  "severity": "CRITICAL",
  "category": "Other",
  "language": [
    "JAVASCRIPT"
  ],
  "cwe": [],
  "description": "OPT.JAVASCRIPT.NODEJS.AvoidCyclicDependencies",
  "risk": "{{#paragraph}}Node.js allows using cyclic require dependencies, so a module A requiring a module B,\nwhich requires module A, is valid.\n\nHowever it is considered a bad programming practice because it usually leads to errors, like returning empty objects,\nand it also becomes hard to debug.\n\nA correct design along with a proper modularizing of the code are the best approach to solve this problems. Usually\nmodules having these cyclic dependencies can be split into another module.\n\nThis rule reports the cycles between dependencies found into the project.\n{{/paragraph}}\n",
  "issue": null,
  "advice": null,
  "vendor": "kiuwan"
}