{
  "id": "OPT.C.SEC.ConnectionStringParameterPollution",
  "name": "Connection String Parameter Pollution",
  "severity": "CRITICAL",
  "category": "Injection",
  "language": [
    "C"
  ],
  "cwe": [],
  "description": "OPT.C.SEC.ConnectionStringParameterPollution",
  "risk": "{{#paragraph}}\nWhen the connection string for an application resource (like database, remote server, persistence entity manager...) could\nbe affected by an untrusted source, not properly neutralized, the application is vulnerable to a Connection String Parameter Pollution attack.\n\nAn attack targeted at this vulnerability may use special characters (like ';' or ':') to add unexpected parts to the connection string,\nfor example to gain extra privileges, or to deactivate security features.\n\n\"Untrusted input\" means, in this context, a user-controlled application input, an environment variable, or data fetched\nfrom an external web source.\n\nIt should be suspicious that a connection string depends on untrusted input. Normally the application configuration uses\na fixed connection string, but other attacks, depending on where the connection string is stored (like an SQL injection or\npath traversal attack) may affect the configuration item. This rule only checks for connection strings that are constructed\nprogrammatically with untrusted input.\n{{/paragraph}}\n",
  "issue": null,
  "advice": null,
  "vendor": "kiuwan"
}