{
  "id": "OPT.VBNET.ReviewDeclarativeSecurityOnValueTypes",
  "name": "Review Declarative Security On Value Types",
  "severity": "MEDIUM",
  "category": "Permissions, privileges and access controls",
  "language": [
    "VBNET"
  ],
  "cwe": [],
  "description": "OPT.VBNET.ReviewDeclarativeSecurityOnValueTypes",
  "risk": "{{#paragraph}}Avoid using declarative security in public or protected value types\n        If a value type is secured by Demand or LinkDemand, and the caller does not have permissions to satisfy the security check, any non-default constructor will fail, and a security exception will be thrown.\n{{/paragraph}}\n",
  "issue": null,
  "advice": null,
  "vendor": "kiuwan"
}