{
  "id": "OPT.JAVASCRIPT.PERFORMANCE.NoUseOfEval",
  "name": "No Use Of Eval",
  "severity": "CRITICAL",
  "category": "Injection",
  "language": [
    "JAVASCRIPT"
  ],
  "cwe": [],
  "description": "OPT.JAVASCRIPT.PERFORMANCE.NoUseOfEval",
  "risk": "{{#paragraph}}Avoid eval(code). The code must be 'compiled' at every execution, and the optimizations that\nJavaScript engines perform on normal JS code are not used.\n\nBut the main reason for avoiding eval() is a security issue: If the end-user has control over evaluated code (because the code\nis concatenated with user data), this leads to 'script injection' vulnerabilities, which could end in well-known security\nattacks like cross-site scripting.\n\nIn Ajax apps it's usual to use eval() when converting a JSON-encoded object to JavaScript object, but it's a terrible idea\nfrom a security perspective, unless it's performed with proper checks against potential misuse. A better way to do this\nis with JSON.parse()\n{{/paragraph}}\n",
  "issue": null,
  "advice": null,
  "vendor": "kiuwan"
}