{
  "id": "OPT.JAVASCRIPT.DenialOfService",
  "name": "Denial Of Service",
  "severity": "MEDIUM",
  "category": "Other",
  "language": [
    "JAVASCRIPT"
  ],
  "cwe": [
    "http://cwe.mitre.org/data/definitions/730.html"
  ],
  "description": "OPT.JAVASCRIPT.DenialOfService",
  "risk": "{{#paragraph}}By flooding the application with requests, malicious users could deny service to\nlegitimate users, but these attacks can often be defused at the network layer.\n\nOther bugs are more problematic that allow an user to specify the amount of resources and time to use these resources\nfor their requests. Thus it could overload the application with a small number of requests.\n\nThis rule reports violation when the amount and the time to use these resources is being specified into the request.\n{{/paragraph}}\n",
  "issue": null,
  "advice": null,
  "vendor": "kiuwan"
}