{
  "id": "OPT.JAVA.SEC_JAVA.AvoidJ2EEJvmExit",
  "name": "Avoid J2EE Jvm Exit",
  "severity": "HIGH",
  "category": "Design error",
  "language": [
    "JAVA"
  ],
  "cwe": [
    "https://cwe.mitre.org/data/definitions/382.html"
  ],
  "description": "OPT.JAVA.SEC_JAVA.AvoidJ2EEJvmExit",
  "risk": "{{#paragraph}}A J2EE application should avoid bad practices discouraged by the J2EE blueprints, that could introduce weaknesses compromising security. This rule checks if exists JVM shutdown code (CWE-382).\n\n    It is never a good idea for a web application to attempt to shut down the application container.\n    A call to System.exit() is probably part of leftover debug code or code imported from a non-J2EE application.\n{{/paragraph}}\n",
  "issue": null,
  "advice": null,
  "vendor": "kiuwan"
}