{
  "id": "OPT.CSHARP.Csharp.DoNotDeclareVisibleInstanceFields",
  "name": "Do Not Declare Visible Instance Fields",
  "severity": "HIGH",
  "category": "Other",
  "language": [
    "DOTNET"
  ],
  "cwe": [],
  "description": "OPT.CSHARP.Csharp.DoNotDeclareVisibleInstanceFields",
  "risk": "{{#paragraph}}\nThe primary use of a field should be as an implementation detail. Fields should be private and should be exposed by using properties.\nAccessing a property is as easy as accessing a field, and the code in a property's accessors can change as the types features expand without introducing breaking changes. Properties that just return the value of a private field are optimised to perform on par with accessing a field; there is no performance gain associated with using externally visible fields over properties.\n{{/paragraph}}\n",
  "issue": null,
  "advice": null,
  "vendor": "kiuwan"
}