{
  "id": "OPT.CSHARP.SEC.InsecureTransport",
  "name": "Insecure Transport",
  "severity": "HIGH",
  "category": "Encryption and randomness",
  "language": [
    "DOTNET"
  ],
  "cwe": [
    "https://cwe.mitre.org/data/definitions/311.html"
  ],
  "description": "OPT.CSHARP.SEC.InsecureTransport",
  "risk": "{{#paragraph}}An insecure transport is used in a request for a remote resource.\n\nIn .Net software, this rule requires that all requests for a remote HTTP resource are performed\non a secure transport (SSL/TLS).\n\nRequest content over an insecure transport is cleartext, and any sensitive information it contains may be eavesdropped.\n\nNOTE: Obviously the remote resource must support HTTPS... If that is not the case, and HTTPS in not possible,\nmute the reported defect, or deactivate this rule.\n{{/paragraph}}\n",
  "issue": null,
  "advice": null,
  "vendor": "kiuwan"
}