{
  "id": "OPT.CSHARP.Csharp.DoNotAssumeIntPtrSizeRule",
  "name": "Do Not Assume Int Ptr Size Rule",
  "severity": "HIGH",
  "category": "Other",
  "language": [
    "DOTNET"
  ],
  "cwe": [],
  "description": "OPT.CSHARP.Csharp.DoNotAssumeIntPtrSizeRule",
  "risk": "{{#paragraph}}\nDo not downcast IntPtr or UIntPtr into a 32-bit or smaller value.\nThis practice may result in failures in CPUs with 64bit architectures.\n{{/paragraph}}\n",
  "issue": null,
  "advice": null,
  "vendor": "kiuwan"
}