{
  "id": "OPT.JAVA.SEC_JAVA.AvoidEJBAWTSwing",
  "name": "Avoid EJB AWT Swing",
  "severity": "MEDIUM",
  "category": "Design error",
  "language": [
    "JAVA"
  ],
  "cwe": [
    "https://cwe.mitre.org/data/definitions/575.html"
  ],
  "description": "OPT.JAVA.SEC_JAVA.AvoidEJBAWTSwing",
  "risk": "{{#paragraph}}An enterprise bean should avoid bad practices discouraged by the J2EE blueprints, that\ncould introduce weaknesses compromising security. This rule checks the usage of AWT / Swing (CWE-575).\n\nAn enterprise bean must not use the AWT functionality to attempt to output information to a display, or to input\ninformation from a keyboard. Most servers do not allow direct interaction between an application program and a\nkeyboard/display attached to the server system.\n{{/paragraph}}\n",
  "issue": null,
  "advice": null,
  "vendor": "kiuwan"
}