{
  "id": "OPT.ABAP.AGR.AvoidNonTranspTable",
  "name": "Avoid Non Transp Table",
  "severity": "LOW",
  "category": "Other",
  "language": [
    "ABAP"
  ],
  "cwe": [],
  "description": "OPT.ABAP.AGR.AvoidNonTranspTable",
  "risk": "{{#paragraph}}Avoid to create custom tables that are not transparent. To confirm if a table is transparent is necessary to consult the file InfoTableSystem.txt, extracted by means of the connector SAP.\n{{/paragraph}}\n",
  "issue": null,
  "advice": null,
  "vendor": "kiuwan"
}