{
  "id": "OPT.COBOL.SEC.CheckCryptoReturnCode",
  "name": "Check Crypto Return Code",
  "severity": "CRITICAL",
  "category": "Encryption and randomness",
  "language": [
    "COBOL"
  ],
  "cwe": [
    "http://cwe.mitre.org/data/definitions/252.html"
  ],
  "description": "OPT.COBOL.SEC.CheckCryptoReturnCode",
  "risk": "{{#paragraph}}Return value from a cryptographic API call is not checked, which can prevent it from detecting unexpected states and conditions.\nAs potential errors go unchecked, the results from cryptographic operation should not be trusted, and subsequent operations\nmay fail.\n\nThe rule supports the following Cryptographic APIs:\n- IBM ICSF (Integrated Cyrptographic Service Facility) for z/OS.\n- iSeries Cryptographic Services API.\n{{/paragraph}}\n",
  "issue": null,
  "advice": null,
  "vendor": "kiuwan"
}