{
  "id": "OPT.JAVA.SEC_JAVA.AvoidEJBExplicitServerSocket",
  "name": "Avoid EJB Explicit Server Socket",
  "severity": "HIGH",
  "category": "Design error",
  "language": [
    "JAVA"
  ],
  "cwe": [
    "https://cwe.mitre.org/data/definitions/577.html"
  ],
  "description": "OPT.JAVA.SEC_JAVA.AvoidEJBExplicitServerSocket",
  "risk": "{{#paragraph}}An enterprise bean should avoid bad practices discouraged by the J2EE blueprints, that\ncould introduce weaknesses compromising security. This rule checks explicit (server) socket usage (CWE-577).\n\nEJB standard permits the use of client-side sockets only for the purpose of communication with legacy systems when no\nhigher-level API is available. An enterprise bean must not attempt to listen on a socket, accept connections on a\nsocket, or use a socket for multicast.\n\nThe EJB architecture allows an enterprise bean instance to be a network socket client, but it does not allow it to be a\nnetwork server.\n{{/paragraph}}\n",
  "issue": null,
  "advice": null,
  "vendor": "kiuwan"
}