{
  "id": "OPT.PYTHON.RELIABILITY.HandleFIXMETags",
  "name": "Handle F I X M E Tags",
  "severity": "LOW",
  "category": "Other",
  "language": [
    "PYTHON"
  ],
  "cwe": [],
  "description": "OPT.PYTHON.RELIABILITY.HandleFIXMETags",
  "risk": "{{#paragraph}}Developers use the FIXME tags to mark points where a possible bug is located, so they can\nsolve it later. All these possible bugs should be handled before code is sent to production.\n{{/paragraph}}\n",
  "issue": null,
  "advice": null,
  "vendor": "kiuwan"
}