{
  "id": "OPT.JAVASCRIPT.NODEJS.ValidatePackageJson",
  "name": "Validate Package Json",
  "severity": "HIGH",
  "category": "Other",
  "language": [
    "JAVASCRIPT"
  ],
  "cwe": [],
  "description": "OPT.JAVASCRIPT.NODEJS.ValidatePackageJson",
  "risk": "{{#paragraph}}Node.js provides a package.json file to easily manage the application dependencies.\n\nUsing the package.json file has the next advantages:\n  - Clearly documents the dependencies needed in your project.\n  - Specifies the versions which should be used for each dependency.\n  - Ensures the reproducibility when a specific version presents any malfunction.\n\nThe package.json need to have some required minimum elements:\n  - \"name\", without having spaces or upper-case characters.\n  - \"version\", following the format x.x.x.\n  - Each dependency must follow the previous conditions, but version can be specified by using the * wildcard.\n\nHowever the version should never be specified using the * wildcard because if the package.json doesn't have the exact\nversion used, it's less reproducible. Also, other unexpected dependency version can break the application.\n\nWhen installing the package using npm (node package manager), version number can be easily save by using the command\n\"npm install package_name --save\".\n\nThis rule reports violation when a package.json format is not valid, or when the version number is specified by using\nthe * wildcard.\n{{/paragraph}}\n",
  "issue": null,
  "advice": null,
  "vendor": "kiuwan"
}