{
  "id": "OPT.JAVA.DECL.RecordWithArrayFieldsNotOverridingMethods",
  "name": "Record With Array Fields Not Overriding Methods",
  "severity": "LOW",
  "category": "Other",
  "language": [
    "JAVA"
  ],
  "cwe": [],
  "description": "OPT.JAVA.DECL.RecordWithArrayFieldsNotOverridingMethods",
  "risk": "{{#paragraph}}Record classes are a new kind of class in the Java language. Record classes help to model plain data aggregates with less ceremony than normal classes.\n\n        The declaration of a record class primarily consists of a declaration of its state; the record class then commits to an API that matches that state. This means that record classes give up a freedom that classes usually enjoy — the ability to decouple a class's API from its internal representation — but, in return, record class declarations become significantly more concise.\n{{/paragraph}}\n",
  "issue": null,
  "advice": null,
  "vendor": "kiuwan"
}