{
  "id": "OPT.ASPNET.MP",
  "name": "Don't use masterpage files",
  "severity": "LOW",
  "category": "Other",
  "language": [
    "ASPNET"
  ],
  "cwe": [],
  "description": "OPT.ASPNET.MP",
  "risk": "{{#paragraph}}Don't use masterpage files.\n\nUsing masterpages is easy to have unbalanced tags or insert content into wrong location, and it is difficult for pages\nto alter elements in the includes templates.\n\nThis rule should be only applied when other technology is intended to be used to set layouts, since using masterpages\nis completely valid.{{/paragraph}}",
  "issue": null,
  "advice": null,
  "vendor": "kiuwan"
}