{
  "id": "OPT.PYTHON.RELIABILITY.NoExceptionTypeSpecified",
  "name": "No Exception Type Specified",
  "severity": "LOW",
  "category": "Other",
  "language": [
    "PYTHON"
  ],
  "cwe": [],
  "description": "OPT.PYTHON.RELIABILITY.NoExceptionTypeSpecified",
  "risk": "{{#paragraph}}A bare except: clause will catch SystemExit and KeyboardInterrupt exceptions, making it harder to interrupt a program with Control-C, and can disguise other problems. If you want to catch all exceptions that signal program errors, use except Exception: (bare except is equivalent to except BaseException: ).\n\nA good rule of thumb is to limit use of bare 'except' clauses to two cases:\n\n1. If the exception handler will be printing out or logging the traceback; at least the user will be aware that an error has occurred.\n2. If the code needs to do some cleanup work, but then lets the exception propagate upwards with raise . try...finally can be a better way to handle this case.\n{{/paragraph}}\n",
  "issue": null,
  "advice": null,
  "vendor": "kiuwan"
}