{
  "id": "OPT.JAVA.HEB.AvoidSleepInsideWhile",
  "name": "Avoid Sleep Inside While",
  "severity": "HIGH",
  "category": "Other",
  "language": [
    "JAVA"
  ],
  "cwe": [],
  "description": "OPT.JAVA.HEB.AvoidSleepInsideWhile",
  "risk": "{{#paragraph}}The call to sleep() causes the currently executing thread to cease the execution for the specified number of milliseconds. However, the thread does not lose ownership of any of its supervisors (blocks).\nThe invocation of sleep inside the while loop is known as busy-wait, it does not allow other threads to operate on shared data.\n{{/paragraph}}\n",
  "issue": null,
  "advice": null,
  "vendor": "kiuwan"
}