{
  "id": "OPT.VBNET.UncheckedReturnValue",
  "name": "Unchecked Return Value",
  "severity": "MEDIUM",
  "category": "Control flow management",
  "language": [
    "VBNET"
  ],
  "cwe": [
    "http://cwe.mitre.org/data/definitions/252.html"
  ],
  "description": "OPT.VBNET.UncheckedReturnValue",
  "risk": "{{#paragraph}}\nThe software does not check the return value from a method or function, which can prevent it from detecting unexpected states and conditions.\nIf an attacker can force the function to fail or otherwise return a value that is not expected, then the subsequent program logic\ncould lead to a vulnerability, because the software is not in a state considered by the programmer.\n\nUnder .Net, programmers often ignore the return values from methods in many System.IO classes.\nMethods that read/write bytes in an array from/to a stream return the number of value to the number of bytes read/written.\nTherefore, unless the return value is checked explicitely, there is no guarantee that the amount of data is that was requested.\n\nThis behavior makes it important for programmers to examine the return value from Read() and other IO methods,\nand ensure that they receive the amount of data they expect.\n{{/paragraph}}\n",
  "issue": null,
  "advice": null,
  "vendor": "kiuwan"
}