{
  "id": "OPT.JAVA.ANDROID.IntentManipulation",
  "name": "Intent Manipulation",
  "severity": "CRITICAL",
  "category": "Injection",
  "language": [
    "JAVA"
  ],
  "cwe": [
    "https://cwe.mitre.org/data/definitions/99.html"
  ],
  "description": "OPT.JAVA.ANDROID.IntentManipulation",
  "risk": "{{#paragraph}}\nIf untrusted input is inserted into certain parts of an Android Intent, without proper sanitization, a malicious user or app\ncould force, via the tainted Intent, the execution of unintended code or inject malicious data in the vulnerable app.\n\nCertain Intent properties could change the expected semantics of the Intent, like setAction(), setClass(), setClassName(),\nor setComponent(). If the Intent is used to start an Activity or Service, for example, the attacker may change the\nexpected element launched, with potential nefarious consequences.\n{{/paragraph}}\n",
  "issue": null,
  "advice": null,
  "vendor": "kiuwan"
}