{
  "id": "OPT.ASPNET.PathRelativeStylesheetImport",
  "name": "Path Relative Stylesheet Import",
  "severity": "HIGH",
  "category": "Injection",
  "language": [
    "ASPNET"
  ],
  "cwe": [],
  "description": "OPT.ASPNET.PathRelativeStylesheetImport",
  "risk": "{{#paragraph}}A Path-Relative Stylesheet Import (PRSSI) vulnerability occurs when a web application uses relative URLs for importing\nCSS stylesheets. By abusing the path handling features of certain web languages and frameworks, an attacker might\nperform cross-site scripting injection.\n\nImagine that a vulnerable page has a <link rel='stylesheet' href='style.css'> for importing a stylesheet.\n\nAn attacker may provide an extra path following the vulnerable HTML page URL, so the same page could be loaded a second time\nin the context of the link, and the browser will try to parse it as a CSS stylesheet.\n\nWhen the browser renders the page in quirks mode (either because of no DOCTYPE, or an old one, in the page; or\nbecause the vulnerable page, without anti-framing measures, is loaded through iframes), a resource with invalid\ncontent-type for a CSS (e.g. text/html) will be accepted. If the attacker can force the page to reflect content\nhe controls (e.g. for URL parameters or from session-stored data), he/she may succeed with the victim's browser\nexecuting malicious CSS code. For example, @import url(//evil.com), using CSS selectors to steal CSRF tokens,\nexecuting JavaScript code via expression() function, etc.{{/paragraph}}",
  "issue": null,
  "advice": null,
  "vendor": "kiuwan"
}