{
  "id": "OPT.ABAP.APFR.NoCorrespondingFields",
  "name": "No Corresponding Fields",
  "severity": "LOW",
  "category": "Other",
  "language": [
    "ABAP"
  ],
  "cwe": [],
  "description": "OPT.ABAP.APFR.NoCorrespondingFields",
  "risk": "{{#paragraph}}\nCORRESPONDING FIELDS clause performs one assignment per field instead of a single assignment for the entire row, so it adds overhead to the SELECT statement.\nBut the performance penalty is when the generated SQL query needs to fetch full table rows for tables with a long number of fields.\n\nSELECT * INTO CORRESPONDING FIELDS OF may force a complete fetch of table columns, for mapping each column to the matching target field.\nThis happens when the target area contains all table columns, and SELECT * is used.\n\nThe rule emits a violation on SELECT * with CORRESPONDING FIELDS OF addition. To fix it, specify the list of columns to extract\nin the SELECT.\n\nNote: Violations may be analyzed to ensure that the target area is a limited subset of the columns of the database table,\nwith no performance degradation.\n{{/paragraph}}\n",
  "issue": null,
  "advice": null,
  "vendor": "kiuwan"
}