{
  "id": "OPT.JAVASCRIPT.EmptyOrHardcodedPassword",
  "name": "Empty Or Hardcoded Password",
  "severity": "HIGH",
  "category": "Information leaks",
  "language": [
    "JAVASCRIPT"
  ],
  "cwe": [
    "http://cwe.mitre.org/data/definitions/259.html",
    "http://cwe.mitre.org/data/definitions/798.html"
  ],
  "description": "OPT.JAVASCRIPT.EmptyOrHardcodedPassword",
  "risk": "{{#paragraph}}It is never a good idea to have an empty password or to hardcode a password.\n\nNot only does hardcoding a password allow all of the project's developers to view the password, it also makes fixing the\nproblem extremely difficult. Once the code is in production, the password cannot be changed without patching the\nsoftware. If the account protected by the password is compromised, the owners of the system will be forced to choose\nbetween security and availability.\n{{/paragraph}}\n",
  "issue": null,
  "advice": null,
  "vendor": "kiuwan"
}