{
  "id": "OPT.COBOL.SEC.AvoidAlter",
  "name": "Avoid Alter",
  "severity": "CRITICAL",
  "category": "Control flow management",
  "language": [
    "COBOL"
  ],
  "cwe": [],
  "description": "OPT.COBOL.SEC.AvoidAlter",
  "risk": "{{#paragraph}}The use of ALTER instruction is not permitted.\nThe ALTER statement encourages the use of unstructured programming practices;\nthe EVALUATE statement provides the same function as the ALTER statement but helps to ensure that a program is well-structured.\n\nNOTE: ALTER modifies the GO TO target (\"program modifies itself\"), a normal practice when Cobol was designed, but abandoned long time ago.\nIt was most often used for bypassing some initialization logic.\n\nThe ALTER statement is considered an obsolete element in the ANSI'85 standard.\nIt is scheduled to be deleted from next revisions of the ANSI Standard.\n{{/paragraph}}\n",
  "issue": null,
  "advice": null,
  "vendor": "kiuwan"
}