{
  "id": "OPT.VBNET.VBnet.DoNotAssumeIntPtrSizeRule",
  "name": "Do Not Assume Int Ptr Size Rule",
  "severity": "HIGH",
  "category": "Other",
  "language": [
    "VBNET"
  ],
  "cwe": [],
  "description": "OPT.VBNET.VBnet.DoNotAssumeIntPtrSizeRule",
  "risk": "{{#paragraph}}Do not downcast IntPtr or UIntPtr into a 32-bit or smaller value.\n        Do not cast IntPtr or UIntPtr a 32bit value or less. This practice may result in failures in CPUs with 64bit architectures.\n{{/paragraph}}\n",
  "issue": null,
  "advice": null,
  "vendor": "kiuwan"
}