{
  "id": "OPT.SCALA.SECURITY.InadequatePadding",
  "name": "Inadequate Padding",
  "severity": "HIGH",
  "category": "Encryption and randomness",
  "language": [
    "SCALA"
  ],
  "cwe": [
    "http://cwe.mitre.org/data/definitions/325.html"
  ],
  "description": "OPT.SCALA.SECURITY.InadequatePadding",
  "risk": "{{#paragraph}}\nWhen used in practice, encryption algorithms are generally combined with some padding scheme.\nThe goal of the padding scheme is to prevent a number of attacks that potentially work against the encryption algorithm\nwithout padding.\n\nThe rule can be parametrized to specified which methods of which classes have to be checked:\n- allowedPaddings: comma-separated list of allowed paddings.\n- encryptionMethodsSignature: comma-separated list of encryption methods signatures. It should be specified in a certain\nway: ClassName.methodName/parameterPosition (where 'parameterPosition' is a number that indicates the position that the\n'transformation' string parameter occupies between the encryption method arguments:\nClass1.encryptMethod/2,Class2.otherEncryptMethod/1, ... )\n\nNOTE: do not mistake the position of the 'transformation' string parameter in the method arguments with the 'padding'\npart of the transformation string for encryption calls such as Cipher.getInstance(). For example:\nCipher.getInstance/1 corresponds to Cipher.getInstance(\"RSA/NONE/PKCS5Padding\", provider) where \"RSA/NONE/PKCS5Padding\"\n(first argument) is encoded with the number '1' in the list of signatures although the padding is encoded in the third\nplace of the transformation string.\n{{/paragraph}}\n",
  "issue": null,
  "advice": null,
  "vendor": "kiuwan"
}