{
  "id": "OPT.GO.SECURITY.HardcodedSalt",
  "name": "Hardcoded Salt",
  "severity": "HIGH",
  "category": "Encryption and randomness",
  "language": [
    "GO"
  ],
  "cwe": [
    "http://cwe.mitre.org/data/definitions/760.html"
  ],
  "description": "OPT.GO.SECURITY.HardcodedSalt",
  "risk": "{{#paragraph}}\nA hardcoded salt can compromise system security in a way that cannot be easily remedied.\n\nSalt, a random set of bytes, is used in password hashing schemes.\nA dictionary attack is an attack in which the attacker attempts to retrieve a cleartext password, by comparing the stored\nhashed password with previously computed values for the most likely password. This attack is made much more difficult by\nthe introduction of salt, or random bytes, used in the password hashing function, and appended to the hashed password in\nstorage (salt is not secret).\n\nIf attackers know the salt value, they can precompute rainbow tables for the application, and more easily reverse hashed\nvalues.\n\nA random salt (different for each encrypted entry) should be used, instead or a fixed (hardcoded) value.\n{{/paragraph}}\n",
  "issue": null,
  "advice": null,
  "vendor": "kiuwan"
}