{
  "id": "OPT.VBNET.WeakKeySize",
  "name": "Weak Key Size",
  "severity": "CRITICAL",
  "category": "Encryption and randomness",
  "language": [
    "VBNET"
  ],
  "cwe": [
    "http://cwe.mitre.org/data/definitions/310.html",
    "http://cwe.mitre.org/data/definitions/320.html",
    "http://cwe.mitre.org/data/definitions/326.html"
  ],
  "description": "OPT.VBNET.WeakKeySize",
  "risk": "{{#paragraph}}\nA robust cryptographic algorithm (like RSA or AES) with a small key length could be vulnerable to brute-force type attacks.\n\nFor symmetric ciphers, AES-CBC (FIPS 197) is the most often recommended algorithm nowadays, with a block size of at least\n64 bits (128 bits for the better). Recommended minimum key length for AES is 128 bits for most usages, but for long-range\nsecurity, 192 bits or even 256 bits are often recommended.\n\nDES and DESede (or \"triple-DES\") are, nowadays, not robust enough for most applications. Many algorithms used in the past,\nlike Blowfish or RC2, are now deemed insecure.\n\nFor asymetric cryptography (\"public key\"), the algorithm most often used is RSA. Most experts consider 2048 as the\nmost adequate key length for common needs, as its usage in digital signature and other applications demand cryptographic\nrobustness for a long period of time. Experts now consider 1024 bits for RSA keys (modulus) not enough secure.\n\nAlgoritms based on elliptic curves cryptography (like EC-DSA) typically require smaller key sizes, around 200 bits.\n\nSee http://www.keylength.com for an interactive site showing current recommendations in cryptographic algorithms,\nkey length and other issues to take into account.\n{{/paragraph}}\n",
  "issue": null,
  "advice": null,
  "vendor": "kiuwan"
}