{
  "id": "OPT.JSP.PB_JSF.DontMixJstlAndJsfTags",
  "name": "Dont Mix Jstl And Jsf Tags",
  "severity": "CRITICAL",
  "category": "Other",
  "language": [
    "JSP"
  ],
  "cwe": [],
  "description": "OPT.JSP.PB_JSF.DontMixJstlAndJsfTags",
  "risk": "{{#paragraph}}The rule seeks for nesting of JSTL tags within JSF tags, or viceversa.\nJSTL and JSF tags can appear both in the same JSP page, but not be nested. JSTL and JSF tags lists are paremeterizable.\n{{/paragraph}}\n",
  "issue": null,
  "advice": null,
  "vendor": "kiuwan"
}