{
  "id": "OPT.C.MISRAC.AvoidNonStandardEscapeSequences",
  "name": "Avoid Non Standard Escape Sequences",
  "severity": "MEDIUM",
  "category": "Other",
  "language": [
    "C"
  ],
  "cwe": [],
  "description": "OPT.C.MISRAC.AvoidNonStandardEscapeSequences",
  "risk": "{{#paragraph}}ISO C Standard (section 6.1.3.4, p.28) allows escape sequences for character constants.\nThis rule limits escape sequences (mapped to unsigned byte or wider wchar_t types) to those where the behaviour is not undefined or implementation-defined.\n{{/paragraph}}\n",
  "issue": null,
  "advice": null,
  "vendor": "kiuwan"
}