{
  "id": "OPT.JAVASCRIPT.ANGULARJS.BindObjectsInScope",
  "name": "Bind Objects In Scope",
  "severity": "CRITICAL",
  "category": "Other",
  "language": [
    "JAVASCRIPT"
  ],
  "cwe": [],
  "description": "OPT.JAVASCRIPT.ANGULARJS.BindObjectsInScope",
  "risk": "{{#paragraph}}Each AngularJS application has a tree structure of scopes, with just a root scope. This structure is parallel to DOM where scopes are attached.\n\nWhen evaluating a reference in a view, JavaScript prototypical inheritance is applied to scopes, so Angular looks first at the current scope, and if it does not find the property, looks in parent scopes until root scope is reached.\n\nif we bind properties to scopes directly, instead of binding to objects, prototypical inheritance can lead to unexpected behaviours.\n\nScopes must be considered as a way to bind our model with the template, not the model component itself.\n\nThe rule looks for direct references to properties in views.\n{{/paragraph}}\n",
  "issue": null,
  "advice": null,
  "vendor": "kiuwan"
}