{
  "id": "OPT.JAVA.RGME.ARLL",
  "name": "Do not access arrays 'length' property in a loop condition",
  "severity": "HIGH",
  "category": "Other",
  "language": [
    "JAVA"
  ],
  "cwe": [],
  "description": "OPT.JAVA.RGME.ARLL",
  "risk": "{{#paragraph}}This rule identifies usages of array 'length' property in a loop condition.\nFor optimization, the array length can be stored in a local var before the loop, and the condition can use such local var for efficiency.\n{{/paragraph}}\n",
  "issue": null,
  "advice": null,
  "vendor": "kiuwan"
}