{
  "id": "OPT.SCALA.SECURITY.WeakEncryption",
  "name": "Weak Encryption",
  "severity": "CRITICAL",
  "category": "Encryption and randomness",
  "language": [
    "SCALA"
  ],
  "cwe": [
    "http://cwe.mitre.org/data/definitions/327.html"
  ],
  "description": "OPT.SCALA.SECURITY.WeakEncryption",
  "risk": "{{#paragraph}}\nThe program uses a weak encryption algorithm that cannot guarantee the confidentiality of sensitive data.\n\nOld encryption algorithms such as DES no longer provide sufficient protection for use with sensitive data.\nEncryption algorithms rely on key size as one of the primary mechanism to ensure cryptographic strength.\nCryptographic strength is often measured by the time and computational power needed to generate a valid key.\nAdvances in computing power have made it possible to obtain small encryption keys in a reasonable amount of time.\n\nFor example, the 56-bit key used in DES posed a significant computational hurdle in the 1970's when the algorithm\nwas first developed, but today DES can be cracked in less than a day using commonly available equipment.\n\nEncryption-related classes considered by the rule are Cipher, Mac, KeyGenerator or SecretKeyGenerator in javax.crypto\npackage.\n\nThe rule also considers a violation of this rule any custom implementation of the aforementioned classes (or the\ncorresponding Spi classes), as correct implementation for encryption/decryption algorithms is difficult,\nand need deep analysis from the cryptographic community.\n{{/paragraph}}\n",
  "issue": null,
  "advice": null,
  "vendor": "kiuwan"
}