{
  "id": "OPT.VBNET.VBnet.TypesShouldNotExtendCertainBaseTypes",
  "name": "Types Should Not Extend Certain Base Types",
  "severity": "MEDIUM",
  "category": "Other",
  "language": [
    "VBNET"
  ],
  "cwe": [],
  "description": "OPT.VBNET.VBnet.TypesShouldNotExtendCertainBaseTypes",
  "risk": "{{#paragraph}}An externally visible type extends certain base types.\nCurrently, this rule reports types that derive from the following types: - System.ApplicationException - System.Xml.XmlDocument - System.Collections.CollectionBase - System.Collections.DictionaryBase - System.Collections.Queue - System.Collections.ReadOnlyCollectionBase - System.Collections.SortedList - System.Collections.Stack\n\nFor .NET Framework version 1, it was recommended to derive new exceptions from ApplicationException. The recommendation has changed and new exceptions should derive from System.Exception or one of its subclasses in the System namespace.\n\nDo not create a subclass of XmlDocument if you want to create an XML view of an underlying object model or data source.\n\nUse and/or extend generic collections whenever possible. Do not extend non-generic collections in your code, unless you shipped it previously.\n{{/paragraph}}\n",
  "issue": null,
  "advice": null,
  "vendor": "kiuwan"
}