{
  "id": "OPT.COBOL.OYR_COBOL.BIUS",
  "name": "\"Do not use BINARY, COMP or COMP-4 with variables/constants with more than 10 digits\"",
  "severity": "NOTE",
  "category": "Other",
  "language": [
    "COBOL"
  ],
  "cwe": [],
  "description": "OPT.COBOL.OYR_COBOL.BIUS",
  "risk": "{{#paragraph}}BINARY, COMP or COMP-4 is typically used for indexes and arithmetical fields.\n        Its representation for most systems is more efficient for fields with less than 10 digits.\n        In many Cobol systems, doubleword operations are used with 10+ digits, which is less efficient.\n{{/paragraph}}\n",
  "issue": null,
  "advice": null,
  "vendor": "kiuwan"
}