{
  "id": "OPT.VBNET.VBnet.DoNotDeclareOverridableMembersInNotInheritableTypes",
  "name": "Do Not Declare Overridable Members In Not Inheritable Types",
  "severity": "MEDIUM",
  "category": "Other",
  "language": [
    "VBNET"
  ],
  "cwe": [],
  "description": "OPT.VBNET.VBnet.DoNotDeclareOverridableMembersInNotInheritableTypes",
  "risk": "{{#paragraph}}A public type defines methods declared as Overridable but not final.\nDeclaring Overridable methods in a type implies that the inherited types can overwrite the Overridable method implementation, but by definition you can not inherit from a final type, so defining a Overridable member in those cases is pointless.\n{{/paragraph}}\n",
  "issue": null,
  "advice": null,
  "vendor": "kiuwan"
}