{
  "id": "OPT.VBNET.VBnet.AvoidNamespacesWithFewTypes",
  "name": "Avoid Namespaces With Few Types",
  "severity": "LOW",
  "category": "Other",
  "language": [
    "VBNET"
  ],
  "cwe": [],
  "description": "OPT.VBNET.VBnet.AvoidNamespacesWithFewTypes",
  "risk": "{{#paragraph}}A namespace other than the global namespace contains fewer than five types (parameterizable value).\nMake sure that each of your namespaces has a logical organization, and that a valid reason exists to put types in a sparsely populated namespace. Namespaces should contain types that are used together in most scenarios.\nNOTE: the violation is reported in the first file in which the namespace was found.\n{{/paragraph}}\n",
  "issue": null,
  "advice": null,
  "vendor": "kiuwan"
}