{
  "id": "OPT.JAVA.SENT.AvoidCallSetSizeInsideComponentResized",
  "name": "Avoid Call Set Size Inside Component Resized",
  "severity": "HIGH",
  "category": "Control flow management",
  "language": [
    "JAVA"
  ],
  "cwe": [],
  "description": "OPT.JAVA.SENT.AvoidCallSetSizeInsideComponentResized",
  "risk": "{{#paragraph}}The method componentResized() is invoked every time you change the size of the component, avoid invoking setSize() in componentResized because this creates an infinite loop.\n{{/paragraph}}\n",
  "issue": null,
  "advice": null,
  "vendor": "kiuwan"
}