{
  "id": "OPT.COBOL.CheckFilestatusAfterFileAccess",
  "name": "Check Filestatus After File Access",
  "severity": "NOTE",
  "category": "Other",
  "language": [
    "COBOL"
  ],
  "cwe": [],
  "description": "OPT.COBOL.CheckFilestatusAfterFileAccess",
  "risk": "{{#paragraph}}You must always check the FILE STATUS variable after each file access statement in order to minimize possible program abends. There cannot be any line of code between the file access and the control of the FILE-STATUS.\n{{/paragraph}}\n",
  "issue": null,
  "advice": null,
  "vendor": "kiuwan"
}