{
  "id": "OPT.C.SEC.XmlEntityInjection",
  "name": "Xml Entity Injection",
  "severity": "CRITICAL",
  "category": "Injection",
  "language": [
    "C"
  ],
  "cwe": [
    "http://cwe.mitre.org/data/definitions/611.html",
    "http://cwe.mitre.org/data/definitions/776.html"
  ],
  "description": "OPT.C.SEC.XmlEntityInjection",
  "risk": "{{#paragraph}}\nIn XML parsers, when XML document to parse could be altered by untrusted input, and the untrusted input may\nalter the Document Type Definition (DTD, embedded or external), the parser should be configured to avoid\ntwo kinds of potential attacks:\n\n* XML entity expansion DoS (XEE, XML bomb or \"billion laughs attack\"), CWE-776, where well-formed DTD with\n  internal entities are expanded exponentially until they exhaust memory.\n\n* XML external entity injection (XXE), CWE-611, where an external entity controlled by the attacker refers to the URL\n  of a resource that gives unauthorized access to sensitive files on the server machine, or to a resource\n  like /dev/random in Unix systems that, when entity is expanded, leads to a denial-of-service condition.\n  A variant of this attack is the server-side request forgery (SSRF), where the URL for external DTD or XML-Schema\n  is processed by the URL handler used by the XML parser, allowing the attacker access to an unexpected\n  network resource (for cross-site request forgery attacks or port-scanning enumeration).\n\nA particular parser might be vulnerable to XML entity injection attacks when their default settings have both entity expansion\nand external entity resolution enabled. Disabling validations does not help, as entity expansion / external entity loading is done,\neven when validation is disabled.\n\nDTD is not the unique element that an attacker could use for injection: XML-Schema attributes could be specified\non any tag, so SSRF injection may happen at any place in the XML document, not only at the start where DTD should\nbe placed, but fortunately common parsers do not seem to fetch schema URLs by default.\n\nXML parsing could be hidden in other frameworks and libraries. For example, with REST, when a resource has an XML\nrepresentation, the REST framework typically use an underlying XML parser for processing the request message, which\nobviusly is fully under control of a potential attacker.\n\nTo be safe during XML processing coming from untrusted sources, a number of XML features should be disabled\nwhen configuring the parser:\n* DTD interpretation - Ensure DOCTYPE tags are ignored, or documents containing them are rejected.\n* Ignore or reject external entities.\n* schemaLocation and noNamespaceSchemaLocation should not fetch URLs.\n* XIncludes - Should be disabled or left disabled.\n\nThe rule checks that there is a path between an untrusted input and the XML document to parse,\nthen verifies that the XML parser is configured to avoid both external entity and entity expansion attacks.\n\nSome of the common XML parsers available in the C/C++ ecosystem, like expat or libxml2,\nmay allow bad configuration leading to XXE or entity expansion attacks.\n{{/paragraph}}\n",
  "issue": null,
  "advice": null,
  "vendor": "kiuwan"
}