{
  "id": "OPT.JAVA.SEC_JAVA.NotOverridableMethodRule",
  "name": "Not Overridable Method Rule",
  "severity": "HIGH",
  "category": "Permissions, privileges and access controls",
  "language": [
    "JAVA"
  ],
  "cwe": [
    "http://cwe.mitre.org/data/definitions/358.html"
  ],
  "description": "OPT.JAVA.SEC_JAVA.NotOverridableMethodRule",
  "risk": "{{#paragraph}}Non-final methods that perform security checks can be overridden in ways that bypass security checks.\nIf a method is overriden by a child class, the child class can bypass security checks in the parent class.\nThe rule checks in non-private non-final methods for declarations of objects which type is included in the security classes list parameter.\nNOTE: This rule is deprecated. Use OPT.JAVA.SEC_JAVA.SecurityCheckInOverridableMethodRule instead.]\n{{/paragraph}}\n",
  "issue": null,
  "advice": null,
  "vendor": "kiuwan"
}