{
  "id": "OPT.JAVASCRIPT.JSX.SpecifyIntegrityAttribute",
  "name": "Specify Integrity Attribute",
  "severity": "MEDIUM",
  "category": "Injection",
  "language": [
    "JAVASCRIPT"
  ],
  "cwe": [],
  "description": "OPT.JAVASCRIPT.JSX.SpecifyIntegrityAttribute",
  "risk": "{{#paragraph}}\nThe \"integrity\" attribute on <script> and <link> elements (pointing to cross-origin resources) must be specified,\nso the browser can check the integrity of the linked resources, avoiding to use scripts or CSS files with potentially malicious code.\n\nThe \"integrity\" attribute is defined in the Sub-Resource Integrity (SRI) W3C standard.\nThe browser automatically will verify the hash of the fetched resource (typically downloaded from a remote content-delivery network or CDN).\nTo avoid potential compromise of the CDN, SRI provides a simple hash verification (for any attacker is extermely hard to perform\nany modification on the resource contents, while keeping the same cryptographic hash).\n\nThe rule checks for <script src=\"URL\"> or <link rel=\"stylesheet\" href=\"URL\"> elements, without integrity attribute,\nreferencing a resource matching the unsafeURLs pattern (any non-local, cross-origin URL, by default).\n{{/paragraph}}\n",
  "issue": null,
  "advice": null,
  "vendor": "kiuwan"
}