{
  "id": "OPT.PYTHON.SECURITY.ExecutionAfterRedirect",
  "name": "Execution After Redirect",
  "severity": "MEDIUM",
  "category": "Control flow management",
  "language": [
    "PYTHON"
  ],
  "cwe": [
    "https://cwe.mitre.org/data/definitions/698.html"
  ],
  "description": "OPT.PYTHON.SECURITY.ExecutionAfterRedirect",
  "risk": "{{#paragraph}}\nThe web application sends a forward / redirect to another location, but instead of exiting, it executes additional code.\n\nIf the redirect is a client redirect (typically, setting the Location HTTP header), the attacker may ignore such redirect\nand process the message body, potentially accessing unintended contents rendered to the HTTP response after the redirect.\n\nWhen the application developer does not terminate the response, but perform additional operations assuming that\nthe redirect call will not end the flow, then an unauthorized user may be able to access unintended contents.\n\nThe rule looks for statements following the forward / redirect call, and reports a defect when a non allowed statement\nfollows that call. A few kind of statements, like a return, a break (in a switch case), a logging call, or a counter increment,\nmight be allowed.\n{{/paragraph}}\n",
  "issue": null,
  "advice": null,
  "vendor": "kiuwan"
}