{
  "id": "OPT.VBNET.SEC.RegistryManipulation",
  "name": "Registry Manipulation",
  "severity": "CRITICAL",
  "category": "Injection",
  "language": [
    "VBNET"
  ],
  "cwe": [],
  "description": "OPT.VBNET.SEC.RegistryManipulation",
  "risk": "{{#paragraph}}\nWhen the application allows external control of registry settings, from untrusted input without validation,\nthis may cause unexpected changes in registry.\n\nAn attacker may use this to corrupt or modify the registry, leading to system compromise, as registry entries changed\nmay be used in a security context.\n\nMicrosoft documentation states this clearly:\n\"Do not expose RegistryKey objects in such a way that a malicious program could create thousands of meaningless subkeys or key/value pairs.\nFor example, do not allow callers to enter arbitrary keys or values.\"\n{{/paragraph}}\n",
  "issue": null,
  "advice": null,
  "vendor": "kiuwan"
}