{
  "id": "OPT.JAVA.COL.MCS",
  "name": "\"Minimize using syncrohized collections: detect use of synchronized collectiorns (Vector, Hashtable) and indicate it\"",
  "severity": "MEDIUM",
  "category": "Other",
  "language": [
    "JAVA"
  ],
  "cwe": [],
  "description": "OPT.JAVA.COL.MCS",
  "risk": "{{#paragraph}}From Java 1.2 version, with the inclusion of the framework collection, Sun recommends using framework collections instead of Vector and Hashtablethat, which must not be used. The main reason to recommend not to use that collections is that they are the only synchronized implementations. Therefore, performance is worse than the one of other collections. If a synchronized collection is needed (in a multithread environment) it is recommended using Collections.synchronized<List, Set, Map> methods.\n{{/paragraph}}\n",
  "issue": null,
  "advice": null,
  "vendor": "kiuwan"
}