{
  "id": "OPT.VBNET.VBnet.OnlyFlagsEnumsShouldHavePluralNames",
  "name": "Only Flags Enums Should Have Plural Names",
  "severity": "LOW",
  "category": "Other",
  "language": [
    "VBNET"
  ],
  "cwe": [],
  "description": "OPT.VBNET.VBnet.OnlyFlagsEnumsShouldHavePluralNames",
  "risk": "{{#paragraph}}The name of an externally visible enumeration ends in a plural word and the enumeration is not marked with the System.FlagsAttribute attribute.\nNaming conventions dictate that a plural name for an enumeration indicates that more than one value of the enumeration can be specified simultaneously. The FlagsAttribute tells compilers that the enumeration should be treated as a bit field that enables bitwise operations on the enumeration.\n\nIf only one value of an enumeration can be specified at a time, the name of the enumeration should be a singular word. For example, an enumeration that defines the days of the week might be intended for use in an application where you can specify multiple days. This enumeration should have the FlagsAttribute and could be called 'Days'.\nA similar enumeration that allows only a single day to be specified would not have the attribute, and could be called 'Day'.\n{{/paragraph}}\n",
  "issue": null,
  "advice": null,
  "vendor": "kiuwan"
}