{
  "id": "OPT.VBNET.TransparentMethodsShouldNotLoadAssembliesFromByteArrays",
  "name": "Transparent Methods Should Not Load Assemblies From Byte Arrays",
  "severity": "MEDIUM",
  "category": "Other",
  "language": [
    "VBNET"
  ],
  "cwe": [],
  "description": "OPT.VBNET.TransparentMethodsShouldNotLoadAssembliesFromByteArrays",
  "risk": "{{#paragraph}}An array of bytes from which assemblies are loaded might contain safe-critical code.\n{{/paragraph}}\n",
  "issue": null,
  "advice": null,
  "vendor": "kiuwan"
}