{
  "id": "OPT.CPP.COREGL.DontHeapAllocateMovableResult",
  "name": "Dont Heap Allocate Movable Result",
  "severity": "HIGH",
  "category": "Pointer and reference handling",
  "language": [
    "CPP"
  ],
  "cwe": [],
  "description": "OPT.CPP.COREGL.DontHeapAllocateMovableResult",
  "risk": "{{#paragraph}}\nTo avoid confusion about whether a pointer owns an object, a function that returns a movable object (e.g. with move constructor)\nshould allocate it on the stack. It should then return the object by value instead of returning a heap-allocated object.\n\nIf pointer semantics are required, return a smart pointer instead of a raw pointer.\n\nFor more information, see C++ Core Guidelines R.3.\n{{/paragraph}}\n",
  "issue": null,
  "advice": null,
  "vendor": "kiuwan"
}