{
  "id": "OPT.JAVA.J2EE.AvoidPermissionInstance",
  "name": "Avoid Permission Instance",
  "severity": "MEDIUM",
  "category": "Permissions, privileges and access controls",
  "language": [
    "JAVA"
  ],
  "cwe": [],
  "description": "OPT.JAVA.J2EE.AvoidPermissionInstance",
  "risk": "{{#paragraph}}Minimise the privileges of the application by writing the program so that it uses the existing security mechanism and does not need to instantiate permissions.\n{{/paragraph}}\n",
  "issue": null,
  "advice": null,
  "vendor": "kiuwan"
}