{
  "id": "OPT.GO.SECURITY.PrivacyViolation",
  "name": "Privacy Violation",
  "severity": "MEDIUM",
  "category": "Information leaks",
  "language": [
    "GO"
  ],
  "cwe": [
    "http://cwe.mitre.org/data/definitions/359.html"
  ],
  "description": "OPT.GO.SECURITY.PrivacyViolation",
  "risk": "{{#paragraph}}\nManaging private user information can compromise user privacy.\n\nPrivacy violations occur when private user data are stored in an external location, when they are appended to the log or\nwhen they are sent as plain-text.\n\nUser private information mustn't be exposed. Depending on its location, an organization may be required to comply with\none or more state regulations to assurance of private information.\n{{/paragraph}}\n",
  "issue": null,
  "advice": null,
  "vendor": "kiuwan"
}