{
  "id": "OPT.CSHARP.CrossSiteScripting",
  "name": "Cross Site Scripting",
  "severity": "CRITICAL",
  "category": "Injection",
  "language": [
    "DOTNET"
  ],
  "cwe": [
    "http://cwe.mitre.org/data/definitions/79.html"
  ],
  "description": "OPT.CSHARP.CrossSiteScripting",
  "risk": "{{#paragraph}}\nSoftware places user-controlled input in page content. An attacker could inject browser script code that is executed in the client browser.\nThe end-user is the attacked subject, and the software is the vehicle for the attack. This attack is known as Cross-Site Scripting (XSS).\n\nThere are three kinds of XSS:\n* Reflected XSS: Attacker causes victim to supply malicious content to a vulnerable web application, which renders HTML content\n  embedding a malicious script executed in victim's browser.\n  A variation of this is named DOM-based XSS, where the vulnerable software does not generate content depending on user input\n  but include script code that use user-controlled input.\n\n* Persistent XSS: Attacker provides malicious content to the vulnerable application, which is stored somewhere.\n  When stored data is fetched and rendered,\n\nNote: This rule only considers the first case (\"Reflected XSS\").\n\nWhen other user access to vulnerable pages that embed without proper neutralization the attacker content,\nscript code is executed in the victim's browser.\n\nThe script executed in the victim's browser could perform malicious activities, like stealing active authentication tokens\n(sometimes in the form of cookies) and performing operations on a insecure webapp (on behalf of the victim) that trusts\ntoo much identity artifacts in browser and do not request additional authorization for operations ('Cross-Site Request Forgery attack', CSRF).\n\nMany browsers could limit the damage via security restrictions (e.g. 'same origin policy'), but user browsers generally allow scripting languages\n(e.g. JavaScript) in their browsers (disabling JavaScript severely limits a web application).\n{{/paragraph}}\n",
  "issue": null,
  "advice": null,
  "vendor": "kiuwan"
}