{
  "id": "OPT.CPP.BreakInLoops",
  "name": "Break In Loops",
  "severity": "NOTE",
  "category": "Other",
  "language": [
    "CPP"
  ],
  "cwe": [],
  "description": "OPT.CPP.BreakInLoops",
  "risk": "{{#paragraph}}Avoid using break sentences inside loops, you have more code control sequences.\n\nNote: Rule OPT.C.MISRAC.AtMostOneBreakInLoop in supported MISRA-C standard is similar to this, but allow at most one break in loop.\n{{/paragraph}}\n",
  "issue": null,
  "advice": null,
  "vendor": "kiuwan"
}