{
  "id": "OPT.JAVASCRIPT.CrossSiteScripting",
  "name": "Cross Site Scripting",
  "severity": "CRITICAL",
  "category": "Injection",
  "language": [
    "JAVASCRIPT"
  ],
  "cwe": [
    "http://cwe.mitre.org/data/definitions/79.html"
  ],
  "description": "OPT.JAVASCRIPT.CrossSiteScripting",
  "risk": "{{#paragraph}}\nSoftware places user-controlled input in page content. An attacker could inject browser script code that is executed in the client browser.\nThe end-user is the attacked subject, and the software is the vehicle for the attack.\n\nThere are different kinds of XSS. The kind relevant for this check is:\n* Reflected XSS: Attacker causes victim to supply malicious content to a vulnerable web application, which renders HTML content\n  embedding a malicious script executed in victim's browser. A variant is named DOM-based XSS, where the vulnerable software\n  does not generate content depending on user input but include script code that use user-controlled input.\n\nThe script executed in the victim's browser could perform malicious activities, like stealing active authentication tokens\n(sometimes in the form of cookies) and performing operations on a insecure webapp (on behalf of the victim) that trusts\ntoo much identity artifacts in browser and do not request additional authorization for sensitive operations\n('Cross-Site Request Forgery attack', CSRF).\n\nMany browsers could limit the damage via security restrictions (e.g. 'same origin policy'), but user browsers generally\nallow scripting languages (e.g. JavaScript) in their browsers (disabling JavaScript severely limits a web site).\n\nThis rule detects potential flaws allowing XSS attacks of the reflected and DOM-based types.\n{{/paragraph}}\n",
  "issue": null,
  "advice": null,
  "vendor": "kiuwan"
}