{
  "id": "OPT.C.MISRAC.InitializationForArrayStructsMustMatchLayout",
  "name": "Initialization For Array Structs Must Match Layout",
  "severity": "HIGH",
  "category": "Other",
  "language": [
    "C"
  ],
  "cwe": [],
  "description": "OPT.C.MISRAC.InitializationForArrayStructsMustMatchLayout",
  "risk": "{{#paragraph}}ISO C requires initialiser lists for arrays, structures and union types to be enclosed in a single pair of braces (if this is not done, behaviour is undefined). The rule goes further in requiring the use of additional braces to indicate nested structures. This forces the programmer to explicitly consider the order in which elements of complex data types are initialised (like multi-dimensional arrays, or unions / stucts incluiding arrays or other unions / structures as members).\n\nNote that all elements of arrays or structures can be initialised (to zero or NULL) by giving an explicit initialiser for the first element only. If this method of initialisation is chosen, the first element (between braces) should be initialised (to zero or NULL only) and no additional elements or nested braces should appear.\n\nThe intent is that non-zero initialisation of arrays and structures shall require an explicit initialiser for each element. Zero or NULL could be passed as the unique top-level element (between braces) for alternative non-explicit initialiser.\n{{/paragraph}}\n",
  "issue": null,
  "advice": null,
  "vendor": "kiuwan"
}