{
  "id": "OPT.JAVA.INIC.AvoidLinkOperatorAssign",
  "name": "Avoid Link Operator Assign",
  "severity": "NOTE",
  "category": "Other",
  "language": [
    "JAVA"
  ],
  "cwe": [],
  "description": "OPT.JAVA.INIC.AvoidLinkOperatorAssign",
  "risk": "{{#paragraph}}Chaining assignment operator adds unnecessary complexity to the code. The code is better understood if the assignments are done in separate sentences. One violation will be reported per occurrence found in the code.\n{{/paragraph}}\n",
  "issue": null,
  "advice": null,
  "vendor": "kiuwan"
}