{
  "id": "OPT.C.CERTC.ARR31",
  "name": "Use consistent array notation across all source files",
  "severity": "LOW",
  "category": "Pointer and reference handling",
  "language": [
    "C"
  ],
  "cwe": [],
  "description": "OPT.C.CERTC.ARR31",
  "risk": "{{#paragraph}}Use consistent notation to declare variables, including arrays, used in multiple files or translation units.\nThis requirement is not always obvious because within the same file, arrays are converted to pointers when passed as arguments to functions.\n\nThis means that the function prototype definitions \"void func(char *a)\" and \"void func(char a[])\" are equivalent.\nHowever, outside of function prototypes, these notations are not equivalent if an array is declared using pointer notation in one file, and array notation in a different file.\n{{/paragraph}}\n",
  "issue": null,
  "advice": null,
  "vendor": "kiuwan"
}