{
  "id": "OPT.JAVA.SEC_JAVA.J2eeFileDisclosureRule",
  "name": "J2ee File Disclosure Rule",
  "severity": "HIGH",
  "category": "File handling",
  "language": [
    "JAVA"
  ],
  "cwe": [
    "http://cwe.mitre.org/data/definitions/552.html"
  ],
  "description": "OPT.JAVA.SEC_JAVA.J2eeFileDisclosureRule",
  "risk": "{{#paragraph}}Constructing a server-side forward/include with user-controlled input could allow an attacker to view arbitrary files\nand configuration files, or download application binaries (including application classes or jar files),\nwithin protected directories (e.g. /WEB-INF).\n\nIf a user-controlled input (a request parameter, for example) is used as the relative path for a forward/include,\nthe attacker may force the vulnerable web resource to return the contents of a sensitive file. For example,\nusing \"WEB-INF/web.xml\" the attacker may view the J2EE web application configuration file. With \"WEB-INF/lib/mySensitiveLibrary.jar\"\nthe attacker may download the code for a library that should not be exposed. The attacker may gain important\ninformation to launch other attacks.\n\nNOTE: Even when the application server denies to serve resources under certain directories (like WEB-INF),\napplication code should not present this flaw to avoid issues when porting to other application server or\nafter changes in the configuration.\n\nThe rule checks for server-side forward/include using the servlet API, where the target relative URL could be tainted with\nuser-controlled input.\n{{/paragraph}}\n",
  "issue": null,
  "advice": null,
  "vendor": "kiuwan"
}