{
  "id": "OPT.CPP.MISRAC.DoNotUseUnderlyingBitRepOfFloat",
  "name": "Do Not Use Underlying Bit Rep Of Float",
  "severity": "MEDIUM",
  "category": "Other",
  "language": [
    "CPP"
  ],
  "cwe": [],
  "description": "OPT.CPP.MISRAC.DoNotUseUnderlyingBitRepOfFloat",
  "risk": "{{#paragraph}}The storage layout used for floating-point values may vary from one compiler to another, and therefore no floating-point manipulation based on the specific bits where the value is encoded shall be done.\n\nThe built-in operators and functions, which hide the storage details from the programmer should be used.\nBitwise operators shall not be used on float values. Other tricks, like using unions or converting to an integer type, are considered usages of the internal bit representation of the floating-point value.\n\nThe rule emits a violation on every union that contains a floating point member, as such union could be used to access to the internal bitwise representation of the floating point value.\n{{/paragraph}}\n",
  "issue": null,
  "advice": null,
  "vendor": "kiuwan"
}