{
  "id": "OPT.JAVA.ANDROID.UsePrimitiveForNumbers",
  "name": "Use Primitive For Numbers",
  "severity": "LOW",
  "category": "Other",
  "language": [
    "JAVA"
  ],
  "cwe": [],
  "description": "OPT.JAVA.ANDROID.UsePrimitiveForNumbers",
  "risk": "{{#paragraph}}Avoid creating Number objects when not neccesary.\nCheck if your use of Number objects is really necessary and cannot be changed to primitive types (e.g. due to API signatures).\n{{/paragraph}}\n",
  "issue": null,
  "advice": null,
  "vendor": "kiuwan"
}