{
  "id": "OPT.CSHARP.SecureSerializationConstructors",
  "name": "Secure Serialization Constructors",
  "severity": "MEDIUM",
  "category": "Information leaks",
  "language": [
    "DOTNET"
  ],
  "cwe": [],
  "description": "OPT.CSHARP.SecureSerializationConstructors",
  "risk": "{{#paragraph}}If a type that implements System.Runtime.Serialization.ISerializable has one or more regular constructors that are secured, the serialization constructors should be secured.\n{{/paragraph}}\n",
  "issue": null,
  "advice": null,
  "vendor": "kiuwan"
}