{
  "id": "OPT.CPP.VirtualDestructorIfVirtualMethod",
  "name": "Virtual Destructor If Virtual Method",
  "severity": "CRITICAL",
  "category": "Pointer and reference handling",
  "language": [
    "CPP"
  ],
  "cwe": [],
  "description": "OPT.CPP.VirtualDestructorIfVirtualMethod",
  "risk": "{{#paragraph}}\nAvoid classes with at least one virtual method and without a virtual destructor; otherwise, when used polimorphic instances,\nthe real derived class destructor may not be called. That could end in memory leaks, system resources been exhausted, deadlocks, etc.\n\nTo sum up, always make base classes' destructors public virtual when they're meant to be manipulated polymorphically.\n\nClasses with protected non-virtual destructors are allowed as an exception of the rule, so derived destructors can invoke it.\n\nNote: The rule looks for a virtual member function to decide if the class will be probably used with pointers of the base type\n(and as it already carries the \"virtual pointer\", making destructor virtuals adds almost no overhead).\nBut there could be classes without virtual methods, that also need virtual destructors. See code examples.\n{{/paragraph}}\n",
  "issue": null,
  "advice": null,
  "vendor": "kiuwan"
}