{
  "id": "OPT.GO.SECURITY.UncheckedInputInLoopCondition",
  "name": "Unchecked Input In Loop Condition",
  "severity": "MEDIUM",
  "category": "Control flow management",
  "language": [
    "GO"
  ],
  "cwe": [
    "https://cwe.mitre.org/data/definitions/606.html"
  ],
  "description": "OPT.GO.SECURITY.UncheckedInputInLoopCondition",
  "risk": "{{#paragraph}}\nInputs used in loop conditions are not properly checked, potentially leading to a denial of service because of excessive looping.\n{{/paragraph}}\n",
  "issue": null,
  "advice": null,
  "vendor": "kiuwan"
}