{
  "id": "OPT.COBOL.DisplayAtEnd",
  "name": "Display At End",
  "severity": "NOTE",
  "category": "Other",
  "language": [
    "COBOL"
  ],
  "cwe": [],
  "description": "OPT.COBOL.DisplayAtEnd",
  "risk": "{{#paragraph}}The use of DISPLAY statement is only allowed in case of program execution finalization. The rule will show a violation in any other use of the statement.\nAs program execution finalization statement we considere:\n  - STOP RUN\n  - GOBAK\n  - EXIT PROGRAM\n  - Calls to program ending routines, which names are parameterizable in the 'callList' property (placing three X's at the begging of the name means any chain could be placed there)\n  - Moving values to the ending program variables, which names are parameterizable in the 'movedtoList' property.\n\nIn order to avoid the violation, DISPLAY statement and execution finalization statement have to be in the same paragraph and execution logic block, or in different paragraphs but related by PERFORM with just one step of depth.\n{{/paragraph}}\n",
  "issue": null,
  "advice": null,
  "vendor": "kiuwan"
}