{
  "id": "OPT.PYTHON.RELIABILITY.StaticMethodFirstArgument",
  "name": "Static Method First Argument",
  "severity": "MEDIUM",
  "category": "Other",
  "language": [
    "PYTHON"
  ],
  "cwe": [],
  "description": "OPT.PYTHON.RELIABILITY.StaticMethodFirstArgument",
  "risk": "{{#paragraph}}\"Self\" and \"cls\" arguments should only be used in instance and classes methods, respectively. It's possible that the method\nis decorated in a correct way and it's really a static method but argument names are chosen incorrectly, which could be confusing.\nExceptions:\n- The __new__ constructor can be decorated with @staticmethod and has cls as first argument. Violation wont't be notified in this case.\n{{/paragraph}}\n",
  "issue": null,
  "advice": null,
  "vendor": "kiuwan"
}