{
  "id": "OPT.JAVASCRIPT.ESTILO.UseSpaceBetweenOperators",
  "name": "Use Space Between Operators",
  "severity": "LOW",
  "category": "Other",
  "language": [
    "JAVASCRIPT"
  ],
  "cwe": [],
  "description": "OPT.JAVASCRIPT.ESTILO.UseSpaceBetweenOperators",
  "risk": "{{#paragraph}}This rule identifies logical expressions where there are not whitespaces between the operator and its operands.\nIt is recommended to put whitespaces to improve code readability.\n{{/paragraph}}\n",
  "issue": null,
  "advice": null,
  "vendor": "kiuwan"
}