{
  "id": "OPT.JAVASCRIPT.ANGULARJS.UseControllerAsSyntaxInViews",
  "name": "Use Controller As Syntax In Views",
  "severity": "CRITICAL",
  "category": "Other",
  "language": [
    "JAVASCRIPT"
  ],
  "cwe": [],
  "description": "OPT.JAVASCRIPT.ANGULARJS.UseControllerAsSyntaxInViews",
  "risk": "{{#paragraph}}\n\"controller as\" syntax binds current $scope to controller. Within the controller current scope is accessible by this variable.\n\nUsing \"controller as\" syntax helps preventing confusions with scopes and developing maintainable code\nand promotes avoiding using of parent scope and keeping rather self contained controllers.\n\nIn views, model properties are accessed using .propertyname notation.\nNesting scopes is easier to manage and less error prone.\n\nIn views, \"controller as\" syntax is:\n  <div ng-controller=\"MyController as ctrl\">{{ ctrl.xxx }}</div>\n\nand in the controller code, this allows accessing scope:\n  function MyController() {\n    this.xxx = {};\n  }\n\nThis rule emits a violation in HTML files referencing a controller without \"controller as\" syntax.\nThis syntax is available since AngularJS 1.2.\n{{/paragraph}}\n",
  "issue": null,
  "advice": null,
  "vendor": "kiuwan"
}