{
  "id": "OPT.ABAP.AWD.NamingComponents",
  "name": "Naming Components",
  "severity": "HIGH",
  "category": "Other",
  "language": [
    "ABAP"
  ],
  "cwe": [],
  "description": "OPT.ABAP.AWD.NamingComponents",
  "risk": "{{#paragraph}}To control the nomenclature of the components, views and windows. To do it there are in use the files WD_Application.txt and WD_Controller.txt, extracted from the repository SAP. Only a violation will appear for file.\n{{/paragraph}}\n",
  "issue": null,
  "advice": null,
  "vendor": "kiuwan"
}