{
  "id": "OPT.HTML.OPTIMYTH_HTML.CMNT",
  "name": "Use descriptive comments",
  "severity": "LOW",
  "category": "Other",
  "language": [
    "HTML"
  ],
  "cwe": [],
  "description": "OPT.HTML.OPTIMYTH_HTML.CMNT",
  "risk": "{{#paragraph}}Checks that the relation between the number of code lines and the number of comment lines is, at least, the threshold value.\nEvery HTML page must have a comment in the header with a brief description, author(s) and current version. Besides, you must also add in-line comments to help code understanding.\n{{/paragraph}}\n",
  "issue": null,
  "advice": null,
  "vendor": "kiuwan"
}