{
  "id": "OPT.CSHARP.PreferJaggedArraysOverMultidimensional",
  "name": "Prefer Jagged Arrays Over Multidimensional",
  "severity": "LOW",
  "category": "Other",
  "language": [
    "DOTNET"
  ],
  "cwe": [],
  "description": "OPT.CSHARP.PreferJaggedArraysOverMultidimensional",
  "risk": "{{#paragraph}}\nIt is better to create a jagged array instead of multidimensional array.\n\nA jagged array is one whose elements are arrays, which can be different sizes, so the wasted space is smaller in some sets of data.\n{{/paragraph}}\n",
  "issue": null,
  "advice": null,
  "vendor": "kiuwan"
}