{
  "id": "OPT.ABAP.ADR.NamingConventions",
  "name": "Naming Conventions",
  "severity": "LOW",
  "category": "Other",
  "language": [
    "ABAP"
  ],
  "cwe": [],
  "description": "OPT.ABAP.ADR.NamingConventions",
  "risk": "{{#paragraph}}Checks naming conventions of certain ABAP elements: variables, tables, parameters, classes, interfaces... according to regular expression patterns specified in rule properties.\n        Only one violation per pattern and file is shown. If you a violation emitted for each name not matching its pattern, set 'reportAll' to 'true'.\n        Please specify a regular expression pattern for each kind of element checked, or leave it empty if no naming convention enforced for target element.\n{{/paragraph}}\n",
  "issue": null,
  "advice": null,
  "vendor": "kiuwan"
}