{
  "id": "OPT.ABAP.APFR.CloseAllOpenResources",
  "name": "Close All Open Resources",
  "severity": "HIGH",
  "category": "Initialization and shutdown",
  "language": [
    "ABAP"
  ],
  "cwe": [],
  "description": "OPT.ABAP.APFR.CloseAllOpenResources",
  "risk": "{{#paragraph}}\nEvery open file (dataset) or database cursor consumes resources from the operating system or database. A limit is enforced\nby either the operating system or the database, on the number of concurrently opened items. When such limit is exceeded,\nopening a new file will fail with a runtime error.\n\nFor example, OPEN DATASET fails with a CX_SY_TOO_MANY_FILES exception, when the system limit is exceeded.\nABAP closes open files automatically when program terminates, but it is a good practice ensuring that every open file\nis explicitely closed as soon as file processing is finished, to avoid resource leaks.\n\nSimilarly, databases enforce a maximum number of open cursors; any open cursor should be closed as soon as the\ndatabase results are processed.\n{{/paragraph}}\n",
  "issue": null,
  "advice": null,
  "vendor": "kiuwan"
}