{
  "id": "OPT.JAVASCRIPT.ERRORCOMUN.PotentialInfiniteLoop",
  "name": "Potential Infinite Loop",
  "severity": "HIGH",
  "category": "Control flow management",
  "language": [
    "JAVASCRIPT"
  ],
  "cwe": [],
  "description": "OPT.JAVASCRIPT.ERRORCOMUN.PotentialInfiniteLoop",
  "risk": "{{#paragraph}}This rule identifies potential infinite loops. Operates on each loop, looking for always true loop conditions and loop body without break/return statements that may exit the loop, or potential mismatchs between loop condition and updates on loop control variables.\n\nNOTE: It is unfeasible to check statically with total reliability if a loop ends or not (Turing demonstrated this mathematically). The rule may produce false positives/negatives violations. Take each violation of this rule as a flag on loops with logic that should be inspected carefully.\n{{/paragraph}}\n",
  "issue": null,
  "advice": null,
  "vendor": "kiuwan"
}