{
  "id": "OPT.JAVA.SEC_JAVA.ProcessControlRule",
  "name": "Process Control Rule",
  "severity": "CRITICAL",
  "category": "Injection",
  "language": [
    "JAVA"
  ],
  "cwe": [
    "http://cwe.mitre.org/data/definitions/114.html",
    "http://cwe.mitre.org/data/definitions/676.html"
  ],
  "description": "OPT.JAVA.SEC_JAVA.ProcessControlRule",
  "risk": "{{#paragraph}}Under Java, load() and loadLibrary() methods, in java.lang.System or java.lang.Runtime, load a native library.\nFor load(), the path to the library is specified, while for loadLibrary() the library name is specified and\na system-dependant search path is used (for example, java.library.path property, or LD_LIBRARY_PATH environmente variable).\n\nIf the argument depends on untrusted input (including in this category system environment or Java system properties),\na violation is emitted.\n\nAdditionally, any call to loadLibrary() (if rule property 'avoidLoadLibrary' is true) will produce a violation\nof the rule, as according to the method documentation:\n\n\"Loads the dynamic library with the specified library name. A file containing native code is loaded from the\nlocal file system from a place where library files are conventionally obtained. The details of this process are\nimplementation-dependent. The mapping from a library name to a specific filename is done in a system-specific manner\",\n\nso an attacker could place a malicious library with same name as the loaded library upper in the search path,\nwhich may run with elevated privileges.\n{{/paragraph}}\n",
  "issue": null,
  "advice": null,
  "vendor": "kiuwan"
}