{
  "id": "OPT.PYTHON.PORTABILITY.AvoidPrintStatement",
  "name": "Avoid Print Statement",
  "severity": "MEDIUM",
  "category": "Other",
  "language": [
    "PYTHON"
  ],
  "cwe": [],
  "description": "OPT.PYTHON.PORTABILITY.AvoidPrintStatement",
  "risk": "{{#paragraph}}Statement PRINT has been replaced with print() function in Python 3. Function print already exists in Python 2 since 2.6 version,\nso that, to ease the portability from Python 2 to 3 is highly recommendable using print function instead of print statement.\n{{/paragraph}}\n",
  "issue": null,
  "advice": null,
  "vendor": "kiuwan"
}