{
  "id": "angular-open-redirection",
  "name": "Angular Unvalidated Open Redirect",
  "severity": "LOW",
  "category": "Input Validation",
  "language": [
    "JAVASCRIPT"
  ],
  "cwe": [
    "https://cwe.mitre.org/data/definitions/601.html"
  ],
  "description": "Verifies that requests are not redirected using untrusted data.",
  "risk": "{{#paragraph}}This vulnerability may be used to perform phishing attacks against users of a website, where credentials may be compromised.{{/paragraph}}",
  "issue": "This vulnerability may be used to perform phishing attacks against users of a website, where credentials may be compromised.",
  "advice": "The most effective method of preventing Open Redirection is to restrict data from untrusted sources dynamically setting redirection targets.",
  "vendor": "contrast"
}