{
  "id": "angular-bypasssecuritytrust",
  "name": "Detected the use of bypassSecurityTrust...",
  "severity": "LOW",
  "category": "Input Validation",
  "language": [
    "JAVASCRIPT"
  ],
  "cwe": [
    "https://cwe.mitre.org/data/definitions/79.html"
  ],
  "description": "Verifies that angular built in sanitizers are not disabled.",
  "risk": "{{#paragraph}}This vulnerability may introduce a Cross-Site-Scripting vulnerability by leveraging untrusted input.\n\nThis may enable the attacker to force users to silently perform actions that benefit the attacker, like sending them their account or session credentials.{{/paragraph}}",
  "issue": "This vulnerability may introduce a Cross-Site-Scripting vulnerability by leveraging untrusted input.\n\nThis may enable the attacker to force users to silently perform actions that benefit the attacker, like sending them their account or session credentials.",
  "advice": "If you have to use bypassSecurityTrust..., ensure it does not come from untrusted input or use the appropriate prevention mechanism e.g. input validation or sanitization depending on the context.",
  "vendor": "contrast"
}