{
  "id": "autocomplete-missing",
  "name": "Forms Without Autocomplete Prevention",
  "severity": "NOTE",
  "category": "Caching",
  "language": [
    "JAVA"
  ],
  "cwe": [
    "https://cwe.mitre.org/data/definitions/525.html"
  ],
  "description": "Verifies that browsers are notified that the application doesn't want to use autocomplete for the given fields.",
  "risk": "{{#paragraph}}Any {{#code}}&lt;form&gt;{{/code}} tags without the {{#code}}autocomplete{{/code}} attribute set to {{#code}}off{{/code}} allow user\nagents to automatically save user credentials. Even if individual fields have {{#code}}autocomplete{{/code}}\ndisabled, it is a safer practice to cover the entire {{#code}}&lt;form&gt;{{/code}}.\n{{/paragraph}}",
  "issue": "This HTML form fails to disable autocomplete, resulting in potentially sensitive values being exposed in client-side storage.",
  "advice": "<form method=\"post\" action=\"/form\" autocomplete=\"off\">",
  "vendor": "contrast"
}