{
  "id": "cache-controls-missing",
  "name": "Anti-Caching Controls Missing",
  "severity": "NOTE",
  "category": "Session Management",
  "language": [
    "JAVA"
  ],
  "cwe": [
    "https://cwe.mitre.org/data/definitions/525.html"
  ],
  "description": "Verifies that caching controls are used to protect application content.",
  "risk": "{{#paragraph}}By default, web browsers and proxies aggressively cache web content, including pages as well as their static content. In response to the given URL(s), the application doesn't effectively inform the browsers to not save this content on the client side.{{/paragraph}}",
  "issue": "This HTTP response is missing the header that tells the browser not to cache pages with sensitive and authenticated data. Add setHeader calls to a servlet filter for all sensitive content.",
  "advice": "response.setHeader( ‘cache-control’, ‘no-cache, no-store, must-revalidate’)",
  "vendor": "contrast"
}