{
  "id": "client-side-sql-injection",
  "name": "Client Side SQL Injection",
  "severity": "HIGH",
  "category": "Injection",
  "language": [
    "JAVASCRIPT"
  ],
  "cwe": [
    "https://cwe.mitre.org/data/definitions/89.html"
  ],
  "description": "Verifies that no untrusted value is used in a dynamic database query.",
  "risk": "{{#paragraph}}With a maliciously crafted input, an end user could change the structure of the SQL query and perform a  Client Side SQL Injection attack. SQL injection is possible when developers hand-build SQL statements containing untrusted data without validation or encoding. The goal of such attacks is to force the database to retrieve and output data to which the user would not otherwise have access. For example, an attacker could use SQL Injection on a vulnerable application in order to query the database for customer credit card numbers and other data, even if it wasn't part of the query the developer created. SQL injection also allows privilege escalation, account hijacking, and in some cases, it may be possible for an attacker to gain shell access to the database server.{{/paragraph}}\n",
  "issue": "With a maliciously crafted input, an end user could change the structure of the SQL query and perform a Client Side SQL Injection attack.",
  "advice": "The most effective method of preventing Client Side SQL Injection is to utilize parameterized queries (prepared statements), to ensure tainted data is not incorporated into the database.",
  "vendor": "contrast"
}