{
  "id": "cmd-injection",
  "name": "OS Command Injection",
  "severity": "HIGH",
  "category": "Injection",
  "language": [
    "JAVA",
    "DOTNET"
  ],
  "cwe": [
    "https://cwe.mitre.org/data/definitions/78.html"
  ],
  "description": "Verifies that no untrusted data is used in commands sent to the operating system.",
  "risk": "{{#paragraph}}The application takes data from the user and uses it to build a system command. A malicious user could provide data that escaped the existing command and issued new ones. It's also possible they cause the existing command to behave maliciously.{{/paragraph}}",
  "issue": "This OS command contains untrusted data, enabling attackers to run arbitrary code on your server. Avoid this or carefully escape data for your operating system.\n",
  "advice": "ESAPI.encoder().encodeForOS(UnixCodec, data)\n",
  "vendor": "contrast"
}