{
  "id": "cookie-flags-missing",
  "name": "Application Disables ''secure'' Flag on Cookies",
  "severity": "MEDIUM",
  "category": "Secure Communications",
  "language": [
    "JAVA"
  ],
  "cwe": [
    "https://cwe.mitre.org/data/definitions/614.html"
  ],
  "description": "Verifies that cookies have the 'secure' flag.",
  "risk": "{{#paragraph}}Setting the 'secure' flag on cookies prevents the browser from sending them over a connection that isn't encrypted with SSL or TLS.  This code creates a cookie without setting the secure flag, creating the possibility that an attacker could gain access to it on an unencrypted connection. If this cookie is used for authentication or session management, disclosing it could allow account hijacking. Other cookies may also be sensitive and should not be disclosed.  Note that an attack called sidejacking tricks browsers into using unencrypted connections even if your site generally uses encryption. {{/paragraph}}",
  "issue": "This cookie should set the \"secure\" flag to prevent it from being sent over unencrypted network connections.",
  "advice": "cookie.setSecure(true)",
  "vendor": "contrast"
}