{
  "id": "crypto-bad-ciphers",
  "name": "Insecure Encryption Algorithms",
  "severity": "NOTE",
  "category": "Cryptography",
  "language": [
    "JAVA",
    "DOTNET"
  ],
  "cwe": [
    "https://cwe.mitre.org/data/definitions/327.html"
  ],
  "description": "Verifies that only strong cryptographic algorithms are used.",
  "risk": "{{#paragraph}}The encryption algorithm used, {{algo}}, has been found by researchers to be unsafe for protecting sensitive data with today's technology.{{/paragraph}}",
  "issue": "This encryption algorithm is no longer considered secure and can’t be relied on to protect data. Use a strong encryption algorithm like AES\n\n",
  "advice": "Cipher aesCipherForDecryption = Cipher.getInstance(\"AES/CBC/PKCS5PADDING\")\n",
  "vendor": "contrast"
}