{
  "id": "crypto-bad-mac",
  "name": "Insecure Hash Algorithms",
  "severity": "MEDIUM",
  "category": "Cryptography",
  "language": [
    "JAVA",
    "DOTNET"
  ],
  "cwe": [
    "https://cwe.mitre.org/data/definitions/328.html"
  ],
  "description": "Verifies that only strong hash algorithms are used",
  "risk": "{{#paragraph}}The hashing algorithm used, {{algo}}, has been found by researchers to be unsafe for protecting sensitive data with today's technology.{{/paragraph}}",
  "issue": "This hash algorithm is no longer considered secure and shouldn’t be used for authentication. Consider argon2, bcrypt, or scrypt.\n\n\n\n",
  "advice": "Argon2PasswordEncoder encoder = new Argon2PasswordEncoder(32,64,1,15*1024,2)\n\n",
  "vendor": "contrast"
}