{
  "id": "crypto-weak-randomness",
  "name": "Weak Random Number Generation",
  "severity": "NOTE",
  "category": "Cryptography",
  "language": [
    "JAVA",
    "DOTNET"
  ],
  "cwe": [
    "https://cwe.mitre.org/data/definitions/330.html"
  ],
  "description": "Verifies that weak sources of entropy are not used.",
  "risk": "{{#paragraph}}It's hard to tell what purpose that the PRNG is used for, but if it's being used to generate secrets, like authentication tokens, remember me codes, or temporary passwords, its contents may be guessable. Weak PRNGs like {{#link}}http://docs.oracle.com/javase/1.4.2/docs/api/java/util/Random.html$$LINK_DELIMjava.util.Random{{/link}} have a relatively small amount of predetermined, random numbers to draw from. An attacker can usually gather lots of samples and determine where in the set of numbers their data comes from, and start predicting what the next secrets generated by the application will be.{{/paragraph}}\n\n",
  "issue": "This random number is generated with a predictable random number generator. Replace with a cryptographically strong generator.",
  "advice": "new SecureRandom();\n\n",
  "vendor": "contrast"
}