{
  "id": "csp-header-missing",
  "name": "Response Without Content-Security-Policy Header",
  "severity": "NOTE",
  "category": "Security Misconfiguration",
  "language": [
    "JAVA"
  ],
  "cwe": [
    "https://cwe.mitre.org/data/definitions/602.html"
  ],
  "description": "Verifies that the requests sent by the application have the Content-Security-Policy header set.",
  "risk": "{{#paragraph}}\nContent-Security-Policy is an opt-in site protection mechanism supported by current browsers. \nIt can be used to tightly restrict the content and behavior of the page. \nAdding restrictions can greatly reduce the attack surface of the page. \n{{{nl}}}{{{nl}}}\nIt is used to restrict from where various HTML elements can be sourced, to where the page can communicate, and how the page can identify itself.   \nNot setting Content-Security-Policy header allows the browser to assume the application trusts content loaded from external domains. \nThis means it will attempt to render elements and execute scripts from any source, including those which are unknown and potentially malicious.  \n{{/paragraph}}",
  "issue": "This HTTP response is missing the header that tells the browser what security policies to use to control a variety of browser behaviors.",
  "advice": "response.setHeader( \"Content-Security-Policy\", \"default-src 'self'; object-src 'none'; child-src 'self'; frame-ancestors 'none'; upgrade-insecure-requests; block-all-mixed-content\")",
  "vendor": "contrast"
}