{
  "id": "csp-header-insecure",
  "name": "Response With Insecurely Configured Content-Security-Policy Header",
  "severity": "NOTE",
  "category": "Security Misconfiguration",
  "language": [
    "JAVA"
  ],
  "cwe": [
    "https://cwe.mitre.org/data/definitions/602.html"
  ],
  "description": "Verifies that the requests sent by the application have the Content-Security-Policy header set in a restrictive way.",
  "risk": "{{#paragraph}}\nNot properly setting Content-Security-Policy allows the browser to assume a wild card policy, meaning it can render elements from any source, including potentially unsafe ones.\n{{/paragraph}}",
  "issue": "This HTTP response has an insecurely configured header that fails to tell the browser what security policies to use to control a variety of browser behaviors.",
  "advice": "response.setHeader( \"Content-Security-Policy\", \"default-src 'self'; object-src 'none'; child-src 'self'; frame-ancestors 'none'; upgrade-insecure-requests; block-all-mixed-content\")",
  "vendor": "contrast"
}