{
  "id": "csrf-protection-disabled",
  "name": "Cross-Site Request Forgery Protection Disabled",
  "severity": "HIGH",
  "category": "Session Management",
  "language": [
    "JAVA"
  ],
  "cwe": [
    "https://cwe.mitre.org/data/definitions/352.html"
  ],
  "description": "Cross-Site Request Forgery Protection Disabled",
  "risk": "{{#paragraph}}\nWithout appropriate protection, the application is at risk of Cross-Site Request Forgery (CSRF). In this type of exploit, an attacker user could cause the victim to perform the behavior against their will by tricking them into interacting with a malicious page on another site.\n{{/paragraph}}",
  "issue": "This Spring boot configuration disables the transaction tokens needed to prevent attackers from using victims’ browsers to submit forged requests.",
  "advice": "REMOVE config().csrf().disable() from Spring boot security configuration",
  "vendor": "contrast"
}