{
  "id": "csrf",
  "name": "Cross-Site Request Forgery",
  "severity": "HIGH",
  "category": "Session Management",
  "language": [
    "JAVA"
  ],
  "cwe": [
    "https://cwe.mitre.org/data/definitions/352.html"
  ],
  "description": "The application has a session timeout longer than 30 minutes in the /WEB-INF/web.xml file.",
  "risk": "{{#paragraph}}\nAn attacker could have caused a victim user to perform the behavior above against their will by tricking them into interacting with a malicious page on another site. This type of attack is called Cross-Site Request Forgery (CSRF).\n{{/paragraph}}\n\n{{#paragraph}}\nFor instance, the following image HTML could be placed in a malicious page by an attacker:\n{{/paragraph}}\n\n{{#htmlBlock}}<img src=\"https://bank.com/transferMoney?targetAccount=59851&sourceAccount=SAVINGS&amount=100.00\">{{/htmlBlock}}\n\n{{#paragraph}}\nIf the victim were to visit a malicious page containing that code, the victim's browser would request the image with the URL specified, and in effect, the attacker's chosen malicious request would \"ride along with\" the user's already authenticated session. This is why some have called this vulnerability \"Session Riding.\"\n{{/paragraph}}\n\n{{#paragraph}}Even though the request is for an image, it will look \"normal\" to the bank, and will be processed as if the user had gone through the normal page workflow of transferring money.{{/paragraph}}\n\n{{#paragraph}}This is a subtle vulnerability which requires explicit protection, and developer awareness is generally very low. We strongly recommend investing in creating an architectural solution for CSRF, rather than fixing individual pages.{{/paragraph}}",
  "issue": "This HTTP request is state-changing, and must stop attackers from using victims’ browsers to submit forged requests. Configure your framework to add a transaction token to links and forms.",
  "advice": null,
  "vendor": "contrast"
}