{
  "id": "dom-xss",
  "name": "DOM XSS",
  "severity": "HIGH",
  "category": "XSS",
  "language": [
    "JAVASCRIPT"
  ],
  "cwe": [
    "https://cwe.mitre.org/data/definitions/79.html"
  ],
  "description": "Verifies that no untrusted data is dynamically written to the HTML document",
  "risk": "{{#paragraph}}This vulnerability may enable the attacker to force users to silently perform actions that benefit the attacker, like sending them their account or session credentials.{{/paragraph}}",
  "issue": "This HTML output contains untrusted data previously stored on the client side. Avoid allowing data from untrusted sources to be dynamically written to the HTML document. Ensure to sanitize client side code such as URL, location, and referrer.",
  "advice": null,
  "vendor": "contrast"
}