{
  "id": "expression-language-injection",
  "name": "Expression Language Injection",
  "severity": "HIGH",
  "category": "Injection",
  "language": [
    "JAVA"
  ],
  "cwe": [
    "https://cwe.mitre.org/data/definitions/88.html"
  ],
  "description": "Verifies that untrusted data is not used in the evaluation of JSP Expression Language.",
  "risk": "{{#paragraph}}As shown, the application takes untrusted data and passes it to be evaluated by an Expression Language interpreter. It's likely that the result of this evaluation will be returned to the user. If this is the case, users can provide variables in their data, like\\\"\\${applicationScope}\\\", that will be evaluated, populated with sensitive server information, and returned to the untrusted. Even if the input isn't reflected back to the user, an injected expression can likely invoke static methods and control the application server completely.{{/paragraph}}",
  "issue": "This expression contains untrusted data, enabling attackers to run arbitrary code on your server. Avoid this or carefully escape data before use.",
  "advice": null,
  "vendor": "contrast"
}