{
  "id": "filepath-manipulation",
  "name": "Local file-path manipulation",
  "severity": "HIGH",
  "category": "Access Control",
  "language": [
    "JAVASCRIPT"
  ],
  "cwe": [
    "https://cwe.mitre.org/data/definitions/73.html"
  ],
  "description": "Verifies that local file paths containing untrusted data are not accessed.",
  "risk": "{{#paragraph}}An attacker may be able to use this flaw to modify the path, and access sensitive data and resources, such as config files.{{/paragraph}}",
  "issue": "This path is using untrusted data that can enable attackers to access an arbitrary local file, exposing sensitive information. Avoid allowing data from any untrusted source to dynamically pass a filename to a file-handling API.",
  "advice": null,
  "vendor": "contrast"
}