{
  "id": "header-injection",
  "name": "Header Injection",
  "severity": "HIGH",
  "category": "Injection",
  "language": [
    "JAVA"
  ],
  "cwe": [
    "https://cwe.mitre.org/data/definitions/113.html"
  ],
  "description": "Verifies that untrusted data is not used in an HTTP header",
  "risk": "{{#paragraph}}If the user provided a malicious input containing newline characters, they could effectively spoof new headers to the\nbrowser or intermediate proxies reading the response. If the attacker can trick another end user into submitting a dangerous value \nin a malicious link, they may be able to use the resulting corrupted headers to perform XSS, phishing, and other attacks.{{/paragraph}}\n\n{{#paragraph}}Without any victim involvement, this vulnerability may be used to perform an advanced attack called HTTP cache poisoning. This \ncould be used to alter the site's HTML content for other users when they try and view the page, and affect defacement attacks,\ncredential theft, and other undesirable behavior.{{/paragraph}}",
  "issue": "This HTTP header name or value contains untrusted data, weakening protections or enabling content attacks. Ensure headers are free of CRLF.",
  "advice": "ESAPI.httpUtilities().setHeader(name, value)",
  "vendor": "contrast"
}