{
  "id": "header-manipulation",
  "name": "Ajax Request Header manipulation",
  "severity": "MEDIUM",
  "category": "Secure Communications",
  "language": [
    "JAVASCRIPT"
  ],
  "cwe": [
    "https://cwe.mitre.org/data/definitions/345.html",
    "https://cwe.mitre.org/data/definitions/20.html"
  ],
  "description": "Verifies that untrusted data is not used in Ajax request headers",
  "risk": "{{#paragraph}}This vulnerability may enable the attacker to perform actions on behalf of a user. As such, it may be used in a chain or sequence of attacks such as Cross Site Scripting (XSS), making the impact more severe. {{/paragraph}}",
  "issue": "This ajax request header contains untrusted data. Avoid this by restricting data from untrusted sources dynamically setting Ajax request headers.",
  "advice": null,
  "vendor": "contrast"
}