{
  "id": "hql-injection",
  "name": "Hibernate Injection",
  "severity": "CRITICAL",
  "category": "Injection",
  "language": [
    "JAVA"
  ],
  "cwe": [
    "https://cwe.mitre.org/data/definitions/564.html"
  ],
  "description": "Verifies that no untrusted data is appended to dynamically constructed hibernate queries.",
  "risk": "{{#paragraph}}Because the data is not validated or encoded, it's possible that an attacker can craft a malicious piece of input that can allow Hibernate Query Language injection. Hibernate is an object-relational mapping (ORM) library for Java, providing a framework for mapping an object-oriented domain model to a traditional relational database. It provides an abstraction layer between application code and the underlying database. In the normal use of Hibernate, Java objects are mapped to the underlying database in such a manner that allows the developer to interact with just the Java object without the need to develop any custom SQL code to access the database table the object is mapped to. However, in certain circumstances, the developer may want to write their own custom SQL code to access the underlying database. Hibernate supports this use case by providing its own Hibernate Query Language (HQL), which is very similar to SQL, but abstracts away the type of underlying database that Hibernate is accessing.{{/paragraph}}\n\n{{#paragraph}}When developing HQL queries, developers can introduce Hibernate Injection flaws, just like they can introduce SQL injection flaws, by appending user supplied data to an HQL query they are constructing. HQL queries are created using Hibernate's {{#code}}createQuery(){{/code}} method. You can also create native SQL queries in Hibernate using Hibernate's {{#code}}createSQLQuery(){{/code}} method.{{/paragraph}}\n\n{{#paragraph}}Here is an example of an unsafe HQL Statement:{{/paragraph}}\n \n{{#javaBlock}}Query unsafeHQLQuery = session.createQuery(\"from Inventory inv where inv.productID = '\" + userSuppliedParameter + \"'\");{{/javaBlock}}",
  "issue": "This Hibernate query contains untrusted data, enabling attackers to execute arbitrary SQL on your database. Use named parameters instead of concatenating the data.",
  "advice": "List result = session.createQuery(\"from User u where u.name = :name).setString(\"name\", data).list();\n",
  "vendor": "contrast"
}