{
  "id": "hsts-header-missing",
  "name": "Response With Insecurely Configured Strict-Transport-Security Header",
  "severity": "NOTE",
  "category": "Security Misconfiguration",
  "language": [
    "JAVA"
  ],
  "cwe": [
    "https://cwe.mitre.org/data/definitions/319.html"
  ],
  "description": "Verifies that the requests sent by the application have the Strict Transport Security header set correctly.",
  "risk": "{{#paragraph}}\nHTTP Strict Transport Security (HSTS) is used by an application to indicate that an user-agent can only communicate with it over HTTPS. \nThe Strict-Transport-Security header indicates that for the duration specified by the 'max-age' setting, only HTTPS should be used. \nBy not passing this header or sending a value of {{#badParam}}0{{/badParam}} for 'max-age', the application could be left susceptible to down-grade attacks. \nIn these attacks, in an attempt to be backwards compliant, the user-agent drops from HTTPS to the less secure HTTP connection, which could allow for \nman-in-the-middle attacks.\n{{/paragraph}}",
  "issue": "This HTTP response has an insecurely configured header that fails to tell the browser to always use encrypted communications.",
  "advice": "response.setHeader( \"Strict-Transport-Security\", \"max-age=31536000 ; includeSubDomains\")",
  "vendor": "contrast"
}