{
  "id": "httponly",
  "name": "Session Cookie Has No 'HttpOnly' Flag",
  "severity": "MEDIUM",
  "category": "Session Management",
  "language": [
    "JAVA"
  ],
  "cwe": [
    "https://cwe.mitre.org/data/definitions/1004.html"
  ],
  "description": "Verifies that session cookies have the HttpOnly flag.",
  "risk": "{{#paragraph}}\n    This site does not specify the HTTPOnly flag for session cookies.\n{{/paragraph}}\n\n{{#paragraph}}\n    In most browsers, the HTTPOnly flag prevents a user's cookie from being accessed by various client side scripts, including malicious scripts inserted by Cross-Site Scripting (XSS) attacks. Setting this cookie attribute does not eliminate XSS vulnerabilities, but does reduce the likelihood that an XSS vulnerability can be used to extract valuable application based session and/or authentication cookies from the victim's browser.\n{{/paragraph}}",
  "issue": "This cookie should set the \"httponly\" flag to prevent it from being accessed by JavaScript code in the browser, including XSS attacks.",
  "advice": "cookie.setHttpOnly(true)",
  "vendor": "contrast"
}