{
  "id": "insecure-auth-protocol",
  "name": "Insecure Authentication Protocol",
  "severity": "MEDIUM",
  "category": "Security Misconfiguration",
  "language": [
    "JAVA"
  ],
  "cwe": [
    "https://cwe.mitre.org/data/definitions/287.html"
  ],
  "description": "Verifies applications don't use weak HTTP authentication protocols.",
  "risk": "{{#paragraph}}The {{#focus}}Basic Authentication{{/focus}} protocol simply hides the plaintext username and password inside of Base64 encoding, and issues it as an {{#code}}Authorization{{/code}} header. To any attacker sniffing network traffic, the credentials may as well be in plaintext. Base64 offers zero cryptographic functionality. It is a keyless, deterministic algorithm, and most attack tools decode such credentials automatically.{{/paragraph}}\n\n{{#paragraph}}The {{#focus}}Digest Authentication{{/focus}} protocol is superior to {{#focus}}Basic Authentication{{/focus}} in that it doesn't offer a user's password in plaintext. Instead, it offers a method of authentication that proves knowledge of a secret (a password) without passing the password directly. Since RFC2617, the optional security features of Digest Authentication have been improved, but not enforced. The disadvantages of the protocol, including the changes in RFC2617, are subtle. {{/paragraph}}\n\n{{#unorderedList}}\n    {{#listElement}}Digest authentication is easily attacked by a man-in-the-middle (MITM) scenario.{{/listElement}}\n   \t{{#listElement}}Use of digest authentication precludes the usage of recommended password digests like bcrypt. Passwords, or some digested combination of the password and other metadata must be available to the server in plaintext in order to use this protocol.{{/listElement}}\n{{/unorderedList}}",
  "issue": "HTTP Basic and Digest authentication are no longer considered secure and should be replaced with a modern authentication framework.",
  "advice": null,
  "vendor": "contrast"
}