{
  "id": "jquery-cookie-manipulation",
  "name": "JQuery Cookie manipulation",
  "severity": "LOW",
  "category": "Input Validation",
  "language": [
    "JAVASCRIPT"
  ],
  "cwe": [],
  "description": "Verifies that untrusted data is not used within document.cookie property.",
  "risk": "{{#paragraph}}This vulnerability may be used as part of an exploit chain for a high-severity attack, such as Cross Site Scripting (XSS){{/paragraph}}",
  "issue": "This cookie includes untrusted data, allowing attackers to perform actions on behalf of a user. Restrict data from untrusted sources dynamically writing to cookies, and apply appropriate sanitization to all incoming data.",
  "advice": null,
  "vendor": "contrast"
}