{
  "id": "jquery-domain-manipulation",
  "name": "JQuery Document Domain Manipulation",
  "severity": "MEDIUM",
  "category": "Input Validation",
  "language": [
    "JAVASCRIPT"
  ],
  "cwe": [
    "https://cwe.mitre.org/data/definitions/284.html"
  ],
  "description": "Verifies that untrusted data is not used within the document.domain property",
  "risk": "{{#paragraph}}It may be possible to leverage this vulnerability to perform a same origin attack, in which the target website, and another page under the attacker's control, set the same value within the document.domain property. As the target page is now compromised, the chain of attacks can potentially lead to Cross Site Scripting (XSS) vulnerabilities.{{/paragraph}}",
  "issue": "This document.domain property contains untrusted data. Restrict data from untrusted sources dynamically set the document.domain property.",
  "advice": null,
  "vendor": "contrast"
}