{
  "id": "js-injection",
  "name": "Javascript Injection",
  "severity": "HIGH",
  "category": "Injection",
  "language": [
    "JAVASCRIPT"
  ],
  "cwe": [
    "https://cwe.mitre.org/data/definitions/74.html"
  ],
  "description": "Verifies that no untrusted data is executed as Javascript.",
  "risk": "{{#paragraph}}This vulnerability may enable the attacker to perform actions on behalf of a user. As such, it may be used in a chain or sequence of attacks such as Cross Site Scripting (XSS), making the impact more severe. It may also be possible for the victim's login credentials or session token being compromised. {{/paragraph}}",
  "issue": "This query includes untrusted data, allowing attackers to perform actions on behalf of a user. Restrict data from untrusted sources being executed as JavaScript. Validate all input and appropriately escape output.",
  "advice": null,
  "vendor": "contrast"
}