{
  "id": "json-injection",
  "name": "JSON Injection",
  "severity": "LOW",
  "category": "Injection",
  "language": [
    "JAVASCRIPT"
  ],
  "cwe": [
    "https://cwe.mitre.org/data/definitions/74.html"
  ],
  "description": "Verifies that no untrusted data is parsed by JavaScript functions.",
  "risk": "{{#paragraph}}An attacker may be able to use this flaw in order to process unintended actions on behalf of another user. Vulnerabilities like this can also lead to other dangerous attacks, such as Cross Site Scripting (XSS).{{/paragraph}}",
  "issue": "This query includes untrusted data, allowing attackers to perform actions on behalf of a user. Validate all sources to prevent any untrusted data to be parsed as JSON.",
  "advice": null,
  "vendor": "contrast"
}