{
  "id": "ldap-injection",
  "name": "LDAP Injection",
  "severity": "HIGH",
  "category": "Injection",
  "language": [
    "JAVA",
    "DOTNET"
  ],
  "cwe": [
    "https://cwe.mitre.org/data/definitions/90.html"
  ],
  "description": "Verifies that no untrusted data is used in dynamic LDAP queries.",
  "risk": "{{#paragraph}}By crafting malicious inputs to this query, an attacker can enumerate the attributes of the available object classes. This may lead to the attacker obtaining, manipulating, or deleting information they are not authorized to access. It may also amount to a complete authentication bypass.{{/paragraph}}",
  "issue": "This LDAP query contains untrusted data, enabling  attackers to steal and change data. Escape data before using in queries.\n\n",
  "advice": "ESAPI.encoder().encodeForLDAP(data)\n\n",
  "vendor": "contrast"
}