{
  "id": "link-manipulation",
  "name": "Link Manipulation",
  "severity": "LOW",
  "category": "Access Control",
  "language": [
    "JAVASCRIPT"
  ],
  "cwe": [
    "https://cwe.mitre.org/data/definitions/233.html",
    "https://cwe.mitre.org/data/definitions/601.html"
  ],
  "description": "Verifies that untrusted data is not used within an application link",
  "risk": "{{#paragraph}}An attacker may be able to use this flaw to modify a URL to redirect to a malicious extneral URL, enabling a phishing attack. Modifying the file or query string associated with the clickable link may also cause the user to perform unintended actions. If the user form is successfully exploited, this could also result in sensitive data being submitted to the server, under the control of the attacker.{{/paragraph}}",
  "issue": "This link can be modified to be redirected to a malicious external URL. Avoid this by restricting data from untrusted sources dynamically setting target URLs or forms.",
  "advice": null,
  "vendor": "contrast"
}