{
  "id": "log-injection",
  "name": "Log Injection",
  "severity": "NOTE",
  "category": "Injection",
  "language": [
    "JAVA",
    "DOTNET"
  ],
  "cwe": [
    "https://cwe.mitre.org/data/definitions/93.html"
  ],
  "description": "Verifies that no untrusted data is put into log files.",
  "risk": "{{#paragraph}}Because no validation or encoding was observed, it appears a user could provide newline characters in this input and spoof new log entries. It's unlikely that this could cause real harm to any of the application stakeholders, but some regulations require log file integrity to be controlled.{{/paragraph}}",
  "issue": "This log message contains untrusted data, enabling attackers to corrupt logs and attack log consumers. Unprintable characters, CR, LF, and HTML tags must not be logged.\n\n",
  "advice": "ESAPI.getLogger(Test.class).info(Logger.SECURITY_SUCCESS, \"Data \" + data);\n\n",
  "vendor": "contrast"
}