{
  "id": "log-injection-log4shell",
  "name": "Log Injection Log4J",
  "severity": "CRITICAL",
  "category": "Injection",
  "language": [
    "JAVA"
  ],
  "cwe": [
    "https://cwe.mitre.org/data/definitions/502.html",
    "https://cwe.mitre.org/data/definitions/400.html"
  ],
  "description": "Verifies version of log4j and/or if JMSAppender has been configured.",
  "risk": "{{#paragraph}}Using a specially crafted log message, an unauthenticated attacker may be able to use this flaw in order to gain full control of a vulnerable system and execute arbitrary code. A malicious actor can utilize this control to perform actions on behalf of the user, stealing data, or forceable actions.{{/paragraph}}",
  "issue": "This log message contains untrusted data and uses a log4j version older than 2.17.1, enabling an attacker to run arbitrary code. Upgrade log4j or explore alternative fixes.",
  "advice": null,
  "vendor": "contrast"
}