{
  "id": "nosql-injection",
  "name": "NoSQL Injection",
  "severity": "CRITICAL",
  "category": "Injection",
  "language": [
    "JAVA"
  ],
  "cwe": [
    "https://cwe.mitre.org/data/definitions/943.html"
  ],
  "description": "Verifies that no untrusted data is used in dynamic database queries.",
  "risk": "{{#paragraph}}With a maliciously crafted input, an end user could change the structure of the NoSQL query and perform a NoSQL Injection attack. NoSQL injection is possible when developers hand-build NoSQL statements containing untrusted data without validation or encoding. The goal of such attacks is to force the database to retrieve and output data to which the user would not otherwise have access. For example, an attacker could use NoSQL Injection on a vulnerable application in order to query the database for customer credit card numbers and other data, even if it wasn't part of the query the developer created. NoSQL injection also allows privilege escalation and account hijacking.{{/paragraph}}",
  "issue": "This NoSQL query contains untrusted data,  enabling attackers to access unauthorized data and possibly run arbitrary code. Avoid the use of data in JavaScript queries.",
  "advice": null,
  "vendor": "contrast"
}