{
  "id": "open-redirection",
  "name": "Unvalidated Open Redirect",
  "severity": "LOW",
  "category": "Input Validation",
  "language": [
    "JAVASCRIPT"
  ],
  "cwe": [
    "https://cwe.mitre.org/data/definitions/601.html"
  ],
  "description": "Verifies that requests are not redirected using untrusted data.",
  "risk": "{{#paragraph}}This vulnerability may be used to perform phishing attacks against users of a website. If redirection is successful, it may be possible to escalate this vulnerability into a JavaScript injection.{{/paragraph}}",
  "issue": "This request has insufficient input validation controls, leading to redirecting to a malicious URL. To prevent this, restrict data from untrusted sources dynamically setting redirection targets.",
  "advice": null,
  "vendor": "contrast"
}