{
  "id": "overly-permissive-cross-domain-policy",
  "name": "Overly Permissive Cross Domain Policy",
  "severity": "HIGH",
  "category": "Security Misconfiguration",
  "language": [
    "JAVA"
  ],
  "cwe": [
    "https://cwe.mitre.org/data/definitions/942.html"
  ],
  "description": "Verifies that the Cross Domain Policy is not overly permissive.",
  "risk": "{{#paragraph}}\nThis setting allows a malicious actor to steal your untrusted data or forge actions on behalf of your users.\n\nAllowing any domain to have access to this site essentially turns off the browser's \"same origin policy\" for Flash, Silverlight, and other browser plugins.\n\nThis means that if a malicious actor can trick someone into visiting their page on attacker-website-here, they can make requests on that user's behalf to your site and steal data or perform any other operation.\n{{/paragraph}}",
  "issue": "This cross domain request policy specifies only trusted domains. Replace wildcards from domain attributes of allow-access-from elements in your crossdomain.xml and consider hosting APIs on a separate domain.",
  "advice": null,
  "vendor": "contrast"
}