{
  "id": "parameter-pollution",
  "name": "Parameter Pollution",
  "severity": "NOTE",
  "category": "Session Management",
  "language": [
    "JAVA"
  ],
  "cwe": [
    "https://cwe.mitre.org/data/definitions/235.html"
  ],
  "description": "Verifies that HTML form tags don't allow attackers to fixate parameter variables and bypass CSRF controls.",
  "risk": "{{#paragraph}}The application has a &lt;form&gt; tag that doesn't specify an {{#code}}action{{/code}} attribute. In some forms, this won't present a security issue. However, in forms containing sensitive information, this can be a very dangerous pattern that can be exploited by users looking to attack other users.\n{{/paragraph}}\n\n\n{{#paragraph}}Consider the following statement from the Java Servlet Specification (Version 3, Section 3.1):\n{{/paragraph}}\n{{#blockQuote}}\nData from the query string and the post body are aggregated into the request parameter set. Query string data is presented before post body data. For example, if a request is made with a query string of a=hello and a post body of a=goodbye&a=world, the resulting parameter set would be ordered a=(hello, goodbye, world).\n{{/blockQuote}}\n\n{{#paragraph}}The short version of that is this: URL parameters come first in Java EE - and the first URL parameter comes first.{{/paragraph}}\n\n{{#paragraph}}Next, let's talk about &lt;form&gt; actions. If no {{#code}}action{{/code}} is specified, browsers assume that the form should submit to the current URL (the one in the address bar).\n{{/paragraph}}\n\n{{#paragraph}}Now, let's imagine a site that has a change password form, located at {{#code}}/app/password/change:{{/code}}:{{/paragraph}}\n\n{{#htmlBlock}}&lt;form method=\"POST\"&gt;\n\t&lt;input type=\"password\" name=\"pass1\"&gt;\n\t&lt;input type=\"password\" name=\"pass2\"&gt;\n\t&lt;input type=\"submit\" value=\"Change Password!\"&gt;\n&lt;/form&gt;{{/htmlBlock}}\n\n{{#paragraph}}An attacker could send a malicious link to this user, e.g.,{{#exampleText}}/app/password/change{{/exampleText}}{{#badParam}}?pass1=hacked&amp;pass2=hacked{{/badParam}}. If the user clicks on this link and submits the form, the data will be submitted to the URL supplied by the attacker - with the attacker's chosen parameter values in the querystring.\n{{/paragraph}}\n\n{{#paragraph}}Now, remember the spec? When the application receives the POST form submission, it will attempt to get the {{#exampleText}}pass1{{/exampleText}} and {{#exampleText}}pass2{{/exampleText}} parameters. Because the URL parameters will get preference over the POST parameters, the application will change the victim's password to {{#badParam}}hacked{{/badParam}}!{{/paragraph}}\n",
  "issue": "This form does not have an action attribute. Data from these forms can be overwritten with a malicious URL with parameters with the same name. To prevent this, specify an action attribute.",
  "advice": null,
  "vendor": "contrast"
}