{
  "id": "path-traversal",
  "name": "Path Traversal",
  "severity": "HIGH",
  "category": "Input Validation",
  "language": [
    "JAVA",
    "DOTNET"
  ],
  "cwe": [
    "https://cwe.mitre.org/data/definitions/22.html"
  ],
  "description": "Verifies that file paths containing untrusted data are not accessed.",
  "risk": "{{#paragraph}}Because there is untrusted data being used as part of the file path, it may be possible for an attacker to read sensitive data or write, update, or delete arbitrary files on the container's file system. The ability to write arbitrary files to the file system is also called Unrestricted or Arbitrary File Uploads.{{/paragraph}}",
  "issue": "This path is using untrusted data that can enable attackers to access and overwrite files. Avoid this or carefully canonicalize and validate data.\n\n\n",
  "advice": null,
  "vendor": "contrast"
}