{
  "id": "react-dangerouslysetinnerhtml",
  "name": "Detection of dangerouslySetInnerHTML from non-constant definition",
  "severity": "LOW",
  "category": "Input Validation",
  "language": [
    "JAVASCRIPT"
  ],
  "cwe": [
    "https://cwe.mitre.org/data/definitions/79.html"
  ],
  "description": "Verifies that the dangerouslySetInnerHTML property does not allow untrusted data to be directly directly bound to an element's innerHTML property.",
  "risk": "{{#paragraph}}This vulnerability may introduce a Cross-Site-Scripting vulnerability by leveraging untrusted input.\n\nThis may enable the attacker to force users to silently perform actions that benefit the attacker, like sending them their account or session credentials.{{/paragraph}}",
  "issue": "This vulnerability may introduce a Cross-Site-Scripting vulnerability by leveraging untrusted input.\n\nThis may enable the attacker to force users to silently perform actions that benefit the attacker, like sending them their account or session credentials.",
  "advice": "Ensure the use of data binding method of \"{ data }\" within HTML tags. If you cannot avoid this, and if you have to bind data to innerHTML, ensure the data is from a trusted source, it cannot be manipulated in transit, and potentially executable code is rendered harmless. Alternatively, ensure data is properly encoded prior to binding to the 'dangerouslySetInnerHTML' property.",
  "vendor": "contrast"
}