{
  "id": "redos",
  "name": "Regular Expression DoS",
  "severity": "MEDIUM",
  "category": "Input Validation",
  "language": [
    "JAVA"
  ],
  "cwe": [
    "https://cwe.mitre.org/data/definitions/405.html"
  ],
  "description": "Verifies that no heavily backtracking regular expressions are used on untrusted data.",
  "risk": "{{#paragraph}}\nThis regular expression, when applied to specially crafted and malicious inputs, can be tricked into consuming the CPU for an indefinite amount of time, thus denying service to legitimate users.\n{{/paragraph}}",
  "issue": "This regex evaluates untrusted data, enabling attackers to craft attacks that exhaust the CPU and deny service to other users. Fix this regex expression, or prevent untrusted input from running through the regular expression.",
  "advice": null,
  "vendor": "contrast"
}