{
  "id": "reflection-injection",
  "name": "Reflection Injection",
  "severity": "MEDIUM",
  "category": "Injection",
  "language": [
    "JAVA"
  ],
  "cwe": [
    "https://cwe.mitre.org/data/definitions/470.html"
  ],
  "description": "Verifies that untrusted data is not used in a reflection API.",
  "risk": "{{#paragraph}}The application attempts to load classes whose names are controlled by the end user. This pattern, although suspicious, may not be meaningfully exploitable depending on how the loaded class is used. The attacker may be able to find classes in the container or runtime environment whose static initializers or no-argument constructors have dangerous effects when used unexpectedly or repeatedly.{{/paragraph}}",
  "issue": "This request is using untrusted data in reflection and classloading methods, which can allow an attacker to load and possibly run arbitrary code. Use known safe values.",
  "advice": null,
  "vendor": "contrast"
}