{
  "id": "reflected-xss",
  "name": "Cross-Site Scripting",
  "severity": "HIGH",
  "category": "XSS",
  "language": [
    "JAVA",
    "DOTNET"
  ],
  "cwe": [
    "https://cwe.mitre.org/data/definitions/79.html"
  ],
  "description": "Verifies that no untrusted data is used in generated HTML pages",
  "risk": "\n{{#paragraph}}Cross-Site Scripting (XSS) enables attackers to inject client-side script into trusted Web\n\tpages viewed by other users. They can use this malicious script to force users to silently perform\n\tactions that benefit the attacker, like sending them their account or session credentials. Any view\n\tcode that takes data controlled by a user and puts it on the page without validation or encoding is\n\tlikely to be vulnerable to this attack.{{/paragraph}}",
  "issue": "This HTML output contains untrusted data, enabling attackers to inject code into other user’s pages. Escape data for the specific HTML context.\n\n",
  "advice": "ESAPI.encoder().encodeForHtmlAttribute(data)\n",
  "vendor": "contrast"
}