{
  "id": "second-order-sql-injection",
  "name": "Second Order SQL Injection",
  "severity": "CRITICAL",
  "category": "Injection",
  "language": [
    "JAVA"
  ],
  "cwe": [
    "http://cwe.mitre.org/data/definitions/89.html"
  ],
  "description": "Verifies that no untrusted data is used in dynamic database queries.",
  "risk": "{{#paragraph}}\nWith a maliciously crafted input, an end user could change the structure of the SQL query and perform a Second order SQL Injection attack, despite not executed directly at runtime.\n{{/paragraph}}\n\n{{#paragraph}}\nSecond order SQL injection is possible when untrusted supplied data is stored by the application, and later triggered and included in an unsafe SQL query.\n{{/paragraph}}\n\n{{#paragraph}}\nThe goal of such attacks is to force the database to retrieve and output data to which the user would not otherwise have access. For example, an attacker could use Second order SQL Injection on a vulnerable web application by registering an unsafe username. This would then be stored in the User table, and executed at a later date to retrieve or manipulate data.\n{{/paragraph}}\n\n{{#paragraph}}\nSecond order SQL injection also allows privilege escalation, account hijacking, and in some cases, it may be possible for an attacker to gain shell access to the database server.\n{{/paragraph}}",
  "issue": "This SQL query contains untrusted data previously stored on the server-side, enabling  attackers to execute arbitrary SQL and potentially arbitrary code on your database. Use parameterized queries.",
  "advice": "connection.prepareStatement(\"select * from data where col1=? and col2=?\" )",
  "vendor": "contrast"
}