{
  "id": "session-rewriting",
  "name": "Session Rewriting",
  "severity": "MEDIUM",
  "category": "Security Misconfiguration",
  "language": [
    "JAVA"
  ],
  "cwe": [
    "https://cwe.mitre.org/data/definitions/384.html"
  ],
  "description": "Verifies that session IDs aren't being rewritten in the URL.",
  "risk": "{{#paragraph}}Having this ability presents a few problems. The first, most basic problem is that the session ID, which is as good as a username and password, is logged in the following places, which log the complete URL:\n{{/paragraph}}\n{{#unorderedList}}\n\t{{#listElement}}Browser history{{/listElement}}\n\t{{#listElement}}Server logs{{/listElement}}\n\t{{#listElement}}Proxy logs{{/listElement}}\n{{/unorderedList}}\n\n{{#paragraph}}They'll also be sent in the \"Referer\" header to any off-site resources in pages. Normally, session IDs are a secret. If an attacker can steal a victim's session ID, they'll be recognized as the victim to the server. Many developers assume that some network control like IP restrictions, user-agent fingerprinting, or something else will prevent an attacker from using a session ID stolen from the victim. There is almost never such a compensating control, and thus session IDs must be protected.\n{{/paragraph}}\n\n{{#paragraph}}Although the overexposure in the various log files is undesirable, it may not appear to be a serious issue. The bigger problem with session rewriting is that it allows an attack called {{#link}}http://en.wikipedia.org/wiki/Session_fixation$$LINK_DELIM$$Session Fixation{{/link}}. Session Fixation is an umbrella term for any attack that can allow an attacker to cause a victim to use a session ID that they know. If the victim then authenticates under the attacker's chosen session ID, they can present the same session ID to the server and be recognized as the victim.\n{{/paragraph}}\n\n{{#paragraph}}Here's a very simple scenario, taken from Wikipedia's {{#link}}https://en.wikipedia.org/wiki/Session_fixation#Attack_using_server_generated_SID$$LINK_DELIM$$Session Fixation page{{/link}}:{{/paragraph}}\n\n{{#blockQuote}}{{#orderedList}}\n\t{{#listElement}}Mallory visits http://vulnerable.example.com/ and checks which SID is returned. For example, the server may respond: Set-Cookie: SID=0D6441FEA4496C2.{{/listElement}}\n\t{{#listElement}}Mallory is now able to send Alice an e-mail: \"Check out this new cool feature on our bank, http://vulnerable.example.com/?SID=0D6441FEA4496C2.\"{{/listElement}}\n\t{{#listElement}}Alice logs on, with fixated session identifier SID=0D6441FEA4496C2.{{/listElement}}\n{{/orderedList}}{{/blockQuote}}\n\n",
  "issue": "This application will fall back from cookies to rewriting JSESSIONID into the URL, enabling session hijacking via referrer header, network, logs, or browser.",
  "advice": "<session-config> <tracking-mode>COOKIE</tracking-mode> </session-config>",
  "vendor": "contrast"
}