{
  "id": "session-timeout",
  "name": "Overly Long Session Timeout",
  "severity": "LOW",
  "category": "Session Management",
  "language": [
    "JAVA"
  ],
  "cwe": [
    "http://cwe.mitre.org/data/definitions/613.html"
  ],
  "description": "Verifies that HTTP sessions are terminated after reasonable idle periods.",
  "risk": "{{#paragraph}}Most sensitive applications in finance, commerce and other security intensive industries tend to specify session timeouts between 15 and 30 minutes.{{/paragraph}}\n\t\t\t    \n{{#paragraph}}Session timeouts greater than 30 minutes give attackers extra time to complete attacks and exploits. Specifically, overly long sessions make applications \nmore susceptible to session hijacking and cross-user web attacks, such as Cross-Site Request Forgery (CSRF) and Cross-Site Scripting (XSS).{{/paragraph}}\n\n",
  "issue": "This session expiration timeout is so long that it could exhaust memory and enable attackers to more easily guess session ids. Limit sessions to a reasonable time.",
  "advice": "<session-config><session-timeout>30</session-timeout></session-config>",
  "vendor": "contrast"
}