{
  "id": "smtp-injection",
  "name": "SMTP Injection",
  "severity": "MEDIUM",
  "category": "Injection",
  "language": [
    "JAVA"
  ],
  "cwe": [
    "https://cwe.mitre.org/data/definitions/77.html"
  ],
  "description": "Verifies that untrusted data is not used in sensitive parts of a SMTP message",
  "risk": "{{#paragraph}}As is shown, the user controls a piece of the outgoing SMTP message. Depending on the piece of the message \nthe untrusted user can control, it's possible that the functionality can be abused. By controlling the destination fields, subject or body, they\ncan possibly repurpose the email for phishing purposes. By controlling headers directly, they can create malicious attachments, \nre-route the message, or other undesirable behavior.{{/paragraph}}",
  "issue": "This SMTP message contains untrusted data, enabling attackers to target unintended addressees, create malicious attachments, and create phishing attacks.",
  "advice": null,
  "vendor": "contrast"
}