{
  "id": "sql-injection",
  "name": "SQL Injection",
  "severity": "CRITICAL",
  "category": "Injection",
  "language": [
    "JAVA",
    "DOTNET"
  ],
  "cwe": [
    "https://cwe.mitre.org/data/definitions/89.html"
  ],
  "description": "Verifies that no untrusted data is used in dynamic database queries.",
  "risk": "{{#paragraph}}With a maliciously crafted input, an end user could change the structure of the SQL query and perform a SQL Injection attack. SQL injection is possible when developers hand-build SQL statements containing untrusted data without validation or encoding. The goal of such attacks is to force the database to retrieve and output data to which the user would not otherwise have access. For example, an attacker could use SQL Injection on a vulnerable application in order to query the database for customer credit card numbers and other data, even if it wasn't part of the query the developer created. SQL injection also allows privilege escalation, account hijacking, and in some cases, it may be possible for an attacker to gain shell access to the database server.{{/paragraph}}",
  "issue": "This query includes untrusted data, enabling attackers to execute arbitrary SQL and potentially arbitrary code on your database. Use parameterized queries instead of concatenating the data.\n",
  "advice": "connection.prepareStatement(\"select * from data where col1=? and col2=?\" )\n",
  "vendor": "contrast"
}