{
  "id": "ssrf",
  "name": "Server-Side Request Forgery (SSRF)",
  "severity": "MEDIUM",
  "category": "Injection",
  "language": [
    "JAVA",
    "DOTNET"
  ],
  "cwe": [
    "https://cwe.mitre.org/data/definitions/918.html"
  ],
  "description": "Verifies that untrusted actors can't decide which URLs the application invokes from the server side",
  "risk": "{{#paragraph}}\nBecause the attacker controls the URL, they can trick the application into invoking internal URLs. This may lead to internal \nresource enumeration, abuse of internal-only APIs, or the exfiltration of local system resources using the {{#code}}file://{{/code}} protocol.\n\nAttackers can control a portion of the URL which the server makes a HTTP request to. If this portion is part of the hostname, attackers may be able to control where a HTTP request is sent. Depending on network configurations, this could be an HTTP request to external, internal, localhost, or local files using the {{#code}}file://{{/code}} method (if the attacker can control that portion of the URL). Attackers could use this vulnerability to enumerate and interact with internal servers or localhost, both of which would typically be unreachable to an attacker. Additionally, attackers could use this vulnerability to make a server reach out to an attacker-controlled server to reveal any data or secrets contained within the HTTP request that is not intended to be seen by the attacker.\n{{/paragraph}}",
  "issue": "This outbound HTTP request contains untrusted data, enabling an attacker to control some aspect of the request, including possibly the system being targeted. Avoid this or validate data carefully. Implement an allowlist if the list of permitted URLs is known.",
  "advice": null,
  "vendor": "contrast"
}