{
  "id": "stored-xss",
  "name": "Stored Cross-Site Scripting",
  "severity": "HIGH",
  "category": "XSS",
  "language": [
    "JAVA"
  ],
  "cwe": [
    "https://cwe.mitre.org/data/definitions/79.html"
  ],
  "description": "Verifies that no untrusted data which was stored in a database is displayed in generated HTML pages",
  "risk": "{{#paragraph}}Cross-Site Scripting (XSS) enables attackers to inject client-side script into trusted Web\n\tpages viewed by other users. They can use this malicious script to force users to silently perform\n\tactions that benefit the attacker, like sending them their account or session credentials. In Stored XSS, \n\talso known as persistent XSS, the application stores dangerous data in a database or another\n\ttrusted data source.  At a later time, this data may be displayed without validation or encoding by the same or \n\tdifferent page in the application.  An attacker thus can manipulate the location of the stored data or the display request \n\tto target XSS attacks to many or a group of users.{{/paragraph}}\n\t\n",
  "issue": "This HTML output contains untrusted data previously stored on the server-side, enabling attackers to inject code into other user’s pages. Escape data for the specific HTML context.",
  "advice": "ESAPI.encoder().encodeForHtmlAttribute(data)",
  "vendor": "contrast"
}