{
  "id": "storage-manipulation",
  "name": "HTML5-Storage manipulation",
  "severity": "MEDIUM",
  "category": "Access Control",
  "language": [
    "JAVASCRIPT"
  ],
  "cwe": [
    "https://cwe.mitre.org/data/definitions/921.html"
  ],
  "description": "Verifies that untrusted data is not used in storage.",
  "risk": "{{#paragraph}}An attacker may be able to use this flaw in order to exploit the storage vulnerability further by performing DOM-based attacks, such as Cross Site Scripting (XSS), and JavaScript Injection. {{/paragraph}}",
  "issue": "This storage contains untrusted data, potentially leading to Cross Site Scripting. Validate all sources to prevent any untrusted data to be placed in HTML5 storage.",
  "advice": null,
  "vendor": "contrast"
}