{
  "id": "trust-boundary-violation",
  "name": "Trust Boundary Violation",
  "severity": "MEDIUM",
  "category": "Injection",
  "language": [
    "JAVA"
  ],
  "cwe": [
    "https://cwe.mitre.org/data/definitions/501.html"
  ],
  "description": "Verifies that untrusted data is not used in the HTTP session.",
  "risk": "{{#paragraph}}As shown, the application takes untrusted data that comes from the user and places it in trusted storage: the HttpSession. Developers \nare likely to assume that data stored in the session came from the application itself, and not the user, and may use the data \nin a way that's unsafe. For example, storing role information in the session that came from a request parameter is obviously \nunsafe. When estimating exploitability, consider that the application may use the same session variable key in different places.{{/paragraph}}\n\n{{#paragraph}}All the application's storage of data in session should be done safely to make sure it doesn't expose any risk should a \nmalicious user change a stored data value arbitrarily.{{/paragraph}}",
  "issue": "This session update contains untrusted data, making it difficult to know whether it is safe or not. Validate carefully before storing.\n",
  "advice": "ESAPI.validator.getValidInput()\n",
  "vendor": "contrast"
}