{
  "id": "unmanaged-code-invocation",
  "name": "Unmanaged Code Invocation",
  "severity": "HIGH",
  "category": "Injection",
  "language": [
    "JAVA"
  ],
  "cwe": [
    "http://cwe.mitre.org/data/definitions/111.html"
  ],
  "description": "Code executed with java native interface is not protected with strong typing and array bounds checks.",
  "risk": "{{#paragraph}}\nCode can be executed in other programming languages inheriting their security vulnerabilities.\n{{/paragraph}}",
  "issue": "This application imports a native code library that may be susceptible to buffer overflows and other critical flaws. Try to use pure Java where possible.",
  "advice": null,
  "vendor": "contrast"
}