{
  "id": "unsafe-readline",
  "name": "Use of readLine on Untrusted Streams",
  "severity": "LOW",
  "category": "Injection",
  "language": [
    "JAVA"
  ],
  "cwe": [
    "https://cwe.mitre.org/data/definitions/434.html"
  ],
  "description": "Verifies that untrusted stream doesn't use readLine() method.",
  "risk": "{{#paragraph}}As shown, the  \n{{#code}}{{#link}}http://docs.oracle.com/javase/1.5.0/docs/api/java/io/BufferedReader.html[#]readLine()$$LINK_DELIM$$readLine(){{/link}}{{/code}}\nmethod was called on a stream of data that is controlled by the user. This method reads data until a newline character is encountered. A user\ncan supply a never-ending stream of bytes and never provide a newline, and consume all of the available system memory, eventually \ntaking down worker processes, or in the worst case, the application server itself.{{/paragraph}}",
  "issue": "This read will only terminate when a carriage return, linefeed, or end of file is reached, allowing an attacker to send a large file that consumes all memory. Use reads that are limited in size.",
  "advice": "while ((line = ESAPI.validator().safeReadLine(is, 500)) != null) {",
  "vendor": "contrast"
}