{
  "id": "unsafe-xml-decode",
  "name": "Unsafe XML Decoding",
  "severity": "MEDIUM",
  "category": "Input Validation",
  "language": [
    "JAVA"
  ],
  "cwe": [
    "https://cwe.mitre.org/data/definitions/96.html"
  ],
  "description": "Verifies that use of the JavaBeans XMLDecoder is not done with untrusted data.",
  "risk": "{{#paragraph}}Contrast detected the use of \n\t{{#link}}http://docs.oracle.com/javase/7/docs/api/index.html?java/beans/XMLDecoder.html$$LINK_DELIM$$XMLDecoder{{/link}} to deserialize data that came from an untrusted source, like an HTTP request. This is \n\tan extremely dangerous practice.{{/paragraph}}\n\n\t{{#paragraph}}The JavaBeans {{#link}}http://docs.oracle.com/javase/7/docs/api/index.html?java/beans/XMLEncoder.html$$LINK_DELIM$$XMLEncoder{{/link}} classes provide developers with an easy way to serialize Java objects. Objects can \n\teasily be read back and forth, as is shown in the example from the JavaDocs:{{/paragraph}}\n\n\t{{#javaBlock}}// Writing an Object\nXMLEncoder e = new XMLEncoder(new BufferedOutputStream(new FileOutputStream(\"Test.xml\")));\ne.writeObject(new JButton(\"Hello, world\"));\ne.close();\n\n// Reading an Object\nXMLDecoder d = new XMLDecoder(new BufferedInputStream(new FileInputStream(\"Test.xml\")));\nJButton button = (JButton)d.readObject();\nd.close();{{/javaBlock}}\n\n{{#paragraph}}Unfortunately, there is no way to safely deserialize XML that comes from untrusted sources. The XML \nliterally contains the \"code\" used to restore the state of the Object. This can be maliciously altered \nto execute arbitrary code. The following code, \n{{#link}}http://stackoverflow.com/questions/14307442/is-it-safe-to-use-xmldecoder-to-read-document-files$$LINK_DELIM$$adapted from this StackOverflow post{{/link}}, shows an example malicious XML that can be used to write a \nfile to the filesystem upon deserialization:{{/paragraph}}\n\n\t{{#xmlBlock}}&lt;?xml version=\"1.0\" encoding=\"UTF-8\" ?&gt;\n&lt;java version=\"1.4.0\" class=\"java.beans.XMLDecoder\"&gt;\n\t&lt;object class=\"java.io.PrintWriter\"&gt;\n\t\t&lt;string&gt;/tmp/proof-of-concept.txt&lt;/string&gt;\n\t\t&lt;void method=\"println\"&gt;\n\t\t\t&lt;string&gt;XMLDecoder is not safe.&lt;/string&gt;\n\t\t&lt;/void&gt;\n\t\t&lt;void method=\"close\"/&gt;\n\t&lt;/object&gt;\n&lt;/java&gt;{{/xmlBlock}}",
  "issue": "This XMLDecoder deserialization operation uses an untrusted input stream, enabling the attacker to send malicious serialized objects and run arbitrary code. Avoid this or use a safe input stream. implementation.",
  "advice": null,
  "vendor": "contrast"
}