{
  "id": "unsafe-code-execution",
  "name": "Unsafe Code Execution",
  "severity": "HIGH",
  "category": "Injection",
  "language": [
    "JAVA"
  ],
  "cwe": [
    "https://cwe.mitre.org/data/definitions/95.html"
  ],
  "description": "Verifies that no untrusted data is used in a dynamic evaluation call.",
  "risk": "{{#paragraph}}The application takes data from the user and uses it to build code dynamically. A malicious user could provide data that escapes the existing code and adds more. It's also possible they cause the existing code to behave maliciously.{{/paragraph}}",
  "issue": null,
  "advice": null,
  "vendor": "contrast"
}