{
  "id": "untrusted-deserialization",
  "name": "Untrusted Deserialization",
  "severity": "HIGH",
  "category": "Input Validation",
  "language": [
    "JAVA"
  ],
  "cwe": [
    "https://cwe.mitre.org/data/definitions/502.html"
  ],
  "description": "Verifies that objects aren't deserialized from untrusted sources.",
  "risk": "{{#paragraph}}Because the object being deserialized is coming from an untrusted source, the application must consider that it may not be the expected type. An attacker could choose to submit a type with a {{#link}}http://docs.oracle.com/javase/7/docs/api/java/io/Serializable.html$$LINK_DELIM$$readObject(){{/link}} method that can be re-purposed towards malicious ends.{{/paragraph}}\n\n{{#paragraph}}The only requirement would be that the attacker-supplied type be on the application's classpath. Several commonly available classes have been discovered that can be used to affect remote code execution, so it is safe to assume that most applications will have at least one.{{/paragraph}}\n\n",
  "issue": "This deserialization operation uses an untrusted input stream, enabling the attacker to send malicious serialized objects and run arbitrary code. Avoid this or use a safe input stream implementation.",
  "advice": null,
  "vendor": "contrast"
}