{
  "id": "unvalidated-redirect",
  "name": "Unvalidated Redirect",
  "severity": "MEDIUM",
  "category": "Input Validation",
  "language": [
    "JAVA",
    "DOTNET"
  ],
  "cwe": [
    "https://cwe.mitre.org/data/definitions/601.html"
  ],
  "description": "Verifies that requests are not redirected using untrusted data.",
  "risk": "{{#paragraph}}As shown, the target of that redirect is pulled from data controlled by the user. This means \nit's possible an attacker can send a user a link that initially goes to your site, but immediately directs to a site they control.\n This could be used to greatly increase the likelihood of success of a phishing campaign.{{/paragraph}}",
  "issue": "This redirect target includes untrusted data, allowing the attacker to control aspects of the URL for the browser to follow, including possibly the system being targeted. Avoid redirects or validate data carefully.",
  "advice": null,
  "vendor": "contrast"
}