{
  "id": "unvalidated-forward",
  "name": "Arbitrary Server Side Forwards",
  "severity": "HIGH",
  "category": "Access Control",
  "language": [
    "JAVA",
    "DOTNET"
  ],
  "cwe": [
    "https://cwe.mitre.org/data/definitions/441.html"
  ],
  "description": "Verifies that no untrusted data is used to build a path used in forwards.",
  "risk": "{{#paragraph}}As shown, the application takes input from the user, and uses it to build a file path to which the user is forwarded. If a user \ncontrols a part of that path, they may be able to direct themselves to sensitive files, like {{#code}}/WEB-INF/web.xml{{/code}}, \napplication code, or configuration files, which may contain passwords.{{/paragraph}}\n",
  "issue": "This call forwards the HTTP request to a target that contains untrusted data, enabling attackers to bypass access controls. Validate carefully or use a list of approved targets.\n\n\n\n",
  "advice": "RequestDispatcher dispatcher = getServletContext().getRequestDispatcher(trustedTarget);",
  "vendor": "contrast"
}