{
  "id": "verb-tampering",
  "name": "Verb Tampering Weakness",
  "severity": "HIGH",
  "category": "Security Misconfiguration",
  "language": [
    "JAVA"
  ],
  "cwe": [
    "https://cwe.mitre.org/data/definitions/302.html"
  ],
  "description": "Verifies that the security constraints in web.xml are configured correctly.",
  "risk": "{{#paragraph}}The way {{#code}}&lt;security-constraint&gt;{{/code}} values are interpreted have a rather dangerous quirk. The specification of request methods works in an unexpected and insecure way. Rather than {{#emphasize}}denying{{/emphasize}} methods not specified in the\n rule, they {{#emphasize}}allow{{/emphasize}} any method not listed. Ironically, by listing specific methods in their rule, developers are actually\n allowing more access than they intend.{{/paragraph}}\n\n{{#paragraph}}\nAttackers can manipulate the HTTP method to attempt to bypass such security controls. The use of the HEAD method to access anything\n in the /admin/* space is the easiest attack. The attacker can also try any of the other methods specified in the RFCs. Sometimes,\n like in the case of making requests directly to JSPs, one can send an arbitrary string such as \"NONSENSE\" for the method, and the\n JSP will render correctly.\n{{/paragraph}}\n\n",
  "issue": "This security constraint contains a resource collection that is limited to certain HTTP verbs like GET and POST, enabling attackers to bypass this constraint with other verbs. Remove all http-method limitations from the collection or make safe by supplying a http-method-omission or the deny-uncovered-http-methods control if able.",
  "advice": "<http-method>GET</http-method>",
  "vendor": "contrast"
}