{
  "id": "webmessage-manipulation",
  "name": "Web-message manipulation",
  "severity": "LOW",
  "category": "Secure Communications",
  "language": [
    "JAVASCRIPT"
  ],
  "cwe": [
    "https://cwe.mitre.org/data/definitions/20.html"
  ],
  "description": "Verifies that untrusted data is not used in a Web message",
  "risk": "{{#paragraph}}An attacker may be able to use this flaw in order to process unintended actions on behalf of another user. Vulnerabilities like this can also lead to other dangerous attacks, such as Cross Site Scripting (XSS).{{/paragraph}}",
  "issue": "This web message contains attacker controllable data. Avoid sending web messages containing data from any untrusted source, and verify the origin of incoming messages.",
  "advice": null,
  "vendor": "contrast"
}