{
  "id": "websocket-poisoning",
  "name": "WebSocket Poisoning",
  "severity": "HIGH",
  "category": "Input Validation",
  "language": [
    "JAVASCRIPT"
  ],
  "cwe": [],
  "description": "Verifies that no untrusted data is used in the URL",
  "risk": "{{#paragraph}}An attacker may be able to use this vulnerability to create a specific URL. If this is then visited by different user, the browser will open a WebSocket connection to a URL that is under the attacker's control.{{/paragraph}}\n{{#paragraph}}The impact of such may lead to the attacker being able to capture sensitive data from the user’s browser. {{/paragraph}}\n{{#paragraph}}The attacker also has the potential to conduct client-side attacks against the user.{{/paragraph}}",
  "issue": "This URL of this Websocket connection is using untrusted data. Avoid allowing data from any untrusted source to dynamically set the target URL of a WebSocket connection, and always use JSON.parse() to safely parse JSON response data.",
  "advice": null,
  "vendor": "contrast"
}