{
  "id": "xpath-injection",
  "name": "XPath Injection",
  "severity": "HIGH",
  "category": "Injection",
  "language": [
    "JAVA",
    "JAVASCRIPT"
  ],
  "cwe": [
    "https://cwe.mitre.org/data/definitions/643.html"
  ],
  "description": "Verifies that no untrusted data is used in XPath expression used to retrieve data from an XML database.",
  "risk": "{{#paragraph}}Because the query was dynamically built with data from the user without validation or encoding, attackers can change the behavior of the XPath query to retrieve other, possibly sensitive, information.{{/paragraph}}",
  "issue": "This XPath query includes untrusted data, enabling an attacker to access unauthorized data. Use parameterized XPath or escape data.\n",
  "advice": "ESAPI.encoder().encodeForXPath(str)\n",
  "vendor": "contrast"
}