{
  "id": "xxe",
  "name": "XML External Entity Injection (XXE)",
  "severity": "HIGH",
  "category": "Input Validation",
  "language": [
    "JAVA"
  ],
  "cwe": [
    "https://cwe.mitre.org/data/definitions/611.html"
  ],
  "description": "Verifies that external entities aren't processed during XML.",
  "risk": "{{#paragraph}}Because external entity resolution wasn't disabled in the API used to read the XML object, attackers\n can supply malicious XML to this interface, and trick the XML interpreter into leaking sensitive server side data back to the\n attacker.{{/paragraph}}\n\n{{#paragraph}}Let's look at an example attack. The following is a malicious document that an attacker could send. Notice the malicious {{#focus}}ENTITY{{/focus}} defined in the DOCTYPE.{{/paragraph}}\n{{#xmlBlock}}<?xml version=\"1.0\"\"?>\n<!DOCTYPE root\n[\n<!ENTITY attack SYSTEM \"file:///etc/passwd\">\n]>\n<status>&attack;</status>\n{{/xmlBlock}}\n\n{{#paragraph}}To the XML interpreter, the {{#code}}attack{{/code}} entity is defined as the contents of the requested sensitive system file. Since the XML\ninterpreter hasn't been instructed to ignore external entities, it will perform this resolution and replace the\n{{#code}}&amp;attack;{{/code}} entity with the contents of that file. In our example scenario, when the attacker views the\n{{#exampleText}}status{{/exampleText}} code in the resulting web page, they see something like the following:{{/paragraph}}\n\n{{#xmlBlock}}Thanks for your upload! The status of the document is:\n<!-- Print out the status code from the XML document -->\n<b>root:*:0:0:System Administrator:/var/root:/bin/sh\ndaemon:*:1:1:System Services:/var/root:/usr/bin/false</b>\n{{/xmlBlock}}\n\n{{#paragraph}}To successfully exploit this file theft attack, an attacker must be able to supply the malicious XML to the XML interpreter\nand be presented with the response that includes the file contents targeted by the attack. In other XXE attacks, like a denial\nof service attack, the attacker simply has to supply the payload to the system, and doesn't care about receiving the response.{{/paragraph}}",
  "issue": "This XML parser is configured to interpret doctypes containing references to external entities like files and even system calls. Use the appropriate mechanism to disable doctypes in your parser.",
  "advice": null,
  "vendor": "contrast"
}