{
  "id": "xxssprotection-header-disabled",
  "name": "Response With X-XSS-Protection Disabled",
  "severity": "NOTE",
  "category": "Security Misconfiguration",
  "language": [
    "JAVA"
  ],
  "cwe": [
    "https://cwe.mitre.org/data/definitions/79.html"
  ],
  "description": "Verifies that the requests sent by the application have the X-XSS-Protection header left default (secure) or set correctly.",
  "risk": "{{#paragraph}}\nSetting X-XSS-Protection to a value other than '1' disables the browser's default cross-site scripting (XSS) protection. \nThis is a key protection against reflected XSS attacks.\n{{/paragraph}}",
  "issue": "This HTTP response does not have a header telling the browser to enable Cross-Site Scripting (XSS) protection.",
  "advice": "response.setHeader( \"X-XSS-Protection\", \"1; mode=block\")",
  "vendor": "contrast"
}